product_id,product_name,category,subcategory,brand,mrp,shelf_life_days,lead_time_days
1,Fine,Furniture,Premium,Williams Sonoma,42026,30,21
2,Conference,Appliances,Premium,Williams Sonoma,674,180,14
3,Begin,Decor,Budget,Williams Sonoma,3653,90,21
4,Gun,Lighting,Budget,Williams Sonoma,15211,30,19
5,Brother,Lighting,Standard,Pottery Barn,41391,90,20
6,Find,Decor,Premium,Pottery Barn,36505,90,14
7,Wonder,Lighting,Budget,Pottery Barn,29073,90,18
8,Cup,Decor,Standard,Pottery Barn,35372,90,26
9,Nor,Decor,Budget,West Elm,33748,180,26
10,Term,Decor,Standard,Williams Sonoma,22866,180,15
11,Turn,Cookware,Premium,West Elm,27014,30,23
12,Worry,Furniture,Premium,Williams Sonoma,19609,180,21
13,Safe,Cookware,Standard,Pottery Barn,34707,90,13
14,Allow,Decor,Premium,Pottery Barn,20478,180,29
15,Trouble,Furniture,Standard,West Elm,34339,30,8
16,Factor,Decor,Premium,Williams Sonoma,16462,30,25
17,Receive,Cookware,Budget,West Elm,10050,180,19
18,Investment,Lighting,Budget,Pottery Barn,11983,180,13
19,Run,Lighting,Budget,Williams Sonoma,3296,90,12
20,Doctor,Appliances,Premium,Pottery Barn,48870,90,21
21,Staff,Lighting,Premium,Pottery Barn,24438,90,14
22,Suggest,Decor,Budget,West Elm,34836,180,8
23,Machine,Lighting,Budget,Williams Sonoma,12404,90,12
24,Take,Lighting,Budget,West Elm,4272,90,21
25,Television,Decor,Budget,Pottery Barn,16669,30,22
26,Memory,Lighting,Premium,Pottery Barn,4388,30,11
27,Camera,Appliances,Standard,Williams Sonoma,8494,90,24
28,Less,Lighting,Standard,West Elm,20832,30,14
29,Leg,Appliances,Budget,Williams Sonoma,28084,30,5
30,Factor,Decor,Budget,Pottery Barn,41913,30,8
31,Race,Decor,Premium,Williams Sonoma,35172,90,12
32,Nature,Cookware,Standard,Pottery Barn,10129,90,13
33,Democratic,Cookware,Standard,Williams Sonoma,30795,90,22
34,Thought,Furniture,Premium,Pottery Barn,9617,30,20
35,Message,Appliances,Premium,Williams Sonoma,29737,30,6
36,Month,Furniture,Budget,Williams Sonoma,29538,180,25
37,Group,Decor,Premium,Williams Sonoma,33244,90,11
38,Magazine,Decor,Premium,West Elm,6164,180,18
39,Simple,Lighting,Premium,Pottery Barn,26455,90,10
40,Show,Decor,Standard,West Elm,27217,180,18
41,Center,Decor,Premium,West Elm,15370,90,23
42,While,Cookware,Standard,Pottery Barn,22772,90,13
43,Within,Furniture,Budget,Williams Sonoma,5915,30,14
44,Treat,Lighting,Standard,Williams Sonoma,29996,30,27
45,Later,Appliances,Budget,Williams Sonoma,13699,180,12
46,Ground,Lighting,Budget,Pottery Barn,4548,30,7
47,Party,Cookware,Budget,Pottery Barn,15108,180,15
48,They,Cookware,Budget,Pottery Barn,29084,180,23
49,Parent,Furniture,Standard,West Elm,17906,30,6
50,Approach,Lighting,Standard,Williams Sonoma,35030,90,29
51,Republican,Lighting,Standard,West Elm,15128,30,17
52,Score,Lighting,Standard,Williams Sonoma,30624,30,12
53,If,Furniture,Budget,Pottery Barn,40027,180,20
54,Imagine,Appliances,Budget,West Elm,24851,90,22
55,Without,Appliances,Standard,Pottery Barn,48281,30,27
56,Step,Cookware,Premium,Williams Sonoma,10706,30,14
57,Data,Lighting,Premium,Pottery Barn,40670,30,17
58,Author,Appliances,Budget,West Elm,42984,30,7
59,Type,Decor,Standard,Williams Sonoma,48849,30,15
60,The,Cookware,Budget,Pottery Barn,26356,180,9
61,Meeting,Cookware,Standard,Williams Sonoma,6242,90,11
62,Executive,Appliances,Premium,Pottery Barn,45286,90,22
63,Of,Cookware,Standard,Pottery Barn,33873,180,17
64,Newspaper,Decor,Premium,West Elm,20132,90,23
65,She,Appliances,Premium,Pottery Barn,36654,180,29
66,Man,Lighting,Standard,Pottery Barn,15566,90,7
67,Window,Appliances,Standard,Pottery Barn,23396,180,25
68,Bed,Lighting,Standard,Pottery Barn,7985,30,26
69,Across,Cookware,Standard,Williams Sonoma,28906,30,15
70,When,Lighting,Premium,Williams Sonoma,27565,180,20
71,At,Lighting,Premium,West Elm,34801,180,13
72,Company,Cookware,Premium,Williams Sonoma,40412,180,20
73,Foreign,Lighting,Standard,Pottery Barn,29919,90,23
74,Sea,Furniture,Budget,West Elm,36516,180,19
75,Happy,Furniture,Budget,Pottery Barn,40048,90,25
76,Send,Appliances,Budget,Pottery Barn,11757,90,18
77,Movie,Cookware,Premium,Pottery Barn,11590,30,20
78,Region,Decor,Premium,Williams Sonoma,22875,180,14
79,Structure,Lighting,Budget,Pottery Barn,48550,90,5
80,Finally,Lighting,Budget,Williams Sonoma,43511,180,23
81,Experience,Lighting,Premium,Williams Sonoma,7709,30,8
82,Morning,Appliances,Standard,West Elm,24644,90,18
83,Cost,Decor,Budget,Williams Sonoma,12341,30,13
84,Quite,Cookware,Budget,Pottery Barn,18056,180,5
85,Up,Cookware,Budget,Pottery Barn,39177,30,16
86,Congress,Lighting,Standard,Williams Sonoma,49773,30,17
87,Discussion,Appliances,Standard,Pottery Barn,43692,30,12
88,Finally,Decor,Budget,West Elm,12833,30,11
89,Sound,Appliances,Premium,West Elm,37854,30,13
90,Ever,Cookware,Budget,Pottery Barn,18811,90,8
91,International,Appliances,Premium,West Elm,11496,90,23
92,Improve,Furniture,Premium,West Elm,21922,180,24
93,Business,Cookware,Standard,West Elm,27411,180,12
94,Relate,Appliances,Premium,Williams Sonoma,25723,180,18
95,Successful,Decor,Premium,Williams Sonoma,17193,90,20
96,I,Lighting,Standard,Williams Sonoma,34777,30,6
97,Particularly,Decor,Premium,Williams Sonoma,26894,180,23
98,Middle,Furniture,Budget,West Elm,40492,180,6
99,Marriage,Furniture,Premium,Pottery Barn,1203,90,20
100,What,Appliances,Budget,Pottery Barn,17121,90,28
101,Will,Decor,Premium,Pottery Barn,34368,30,16
102,Future,Lighting,Premium,Pottery Barn,46966,30,19
103,Tell,Appliances,Premium,Williams Sonoma,22154,180,17
104,Share,Lighting,Premium,Pottery Barn,37463,180,21
105,Power,Cookware,Premium,Pottery Barn,48770,90,18
106,Degree,Cookware,Premium,West Elm,24647,180,16
107,Position,Lighting,Premium,Pottery Barn,2057,90,5
108,Former,Cookware,Budget,Williams Sonoma,37256,90,8
109,Political,Furniture,Premium,Williams Sonoma,18022,180,25
110,Skill,Appliances,Premium,Williams Sonoma,32529,30,10
111,Mind,Furniture,Budget,Williams Sonoma,39814,180,27
112,Financial,Appliances,Standard,West Elm,10092,90,16
113,Among,Decor,Premium,Williams Sonoma,49234,90,20
114,Operation,Decor,Standard,Williams Sonoma,27237,30,7
115,Green,Lighting,Premium,Pottery Barn,44810,90,9
116,Often,Appliances,Premium,West Elm,10451,30,11
117,Gun,Appliances,Budget,Williams Sonoma,44715,90,9
118,Sell,Lighting,Standard,Williams Sonoma,9787,30,21
119,Box,Decor,Standard,Williams Sonoma,14196,180,28
120,Per,Lighting,Premium,West Elm,26634,90,7
121,Design,Furniture,Premium,West Elm,13216,90,10
122,Add,Furniture,Standard,West Elm,10909,180,5
123,Administration,Decor,Premium,West Elm,47189,90,16
124,Firm,Furniture,Budget,Pottery Barn,37456,30,28
125,Ahead,Furniture,Standard,West Elm,39564,180,26
126,A,Lighting,Standard,Pottery Barn,20673,180,12
127,Stand,Furniture,Standard,Williams Sonoma,13381,180,7
128,Least,Appliances,Budget,Pottery Barn,19562,90,18
129,Foot,Lighting,Budget,Williams Sonoma,37678,30,17
130,Think,Cookware,Standard,Williams Sonoma,5292,90,16
131,Hot,Cookware,Premium,Pottery Barn,46224,180,6
132,Hear,Cookware,Budget,Williams Sonoma,35216,30,23
133,Cup,Lighting,Premium,Pottery Barn,9673,180,10
134,Garden,Decor,Budget,West Elm,45215,30,26
135,Foreign,Furniture,Standard,Williams Sonoma,47364,30,16
136,Measure,Decor,Standard,West Elm,49290,180,8
137,Including,Appliances,Premium,Williams Sonoma,30179,30,10
138,Give,Furniture,Standard,Pottery Barn,2728,30,15
139,Ready,Cookware,Budget,Williams Sonoma,41416,90,9
140,Believe,Cookware,Standard,West Elm,16890,90,14
141,One,Decor,Standard,Pottery Barn,11744,30,10
142,Exist,Furniture,Premium,Williams Sonoma,45227,180,26
143,Beat,Decor,Budget,Williams Sonoma,38863,180,22
144,Mr,Cookware,Standard,Pottery Barn,19665,90,22
145,Chair,Lighting,Budget,Williams Sonoma,31872,30,9
146,Month,Appliances,Standard,West Elm,23429,90,25
147,Economy,Furniture,Premium,Williams Sonoma,16487,90,24
148,Discuss,Cookware,Budget,West Elm,38024,180,21
149,Manage,Decor,Standard,West Elm,21341,180,10
150,Pm,Appliances,Premium,West Elm,9981,180,5
151,Quality,Decor,Standard,West Elm,36112,30,11
152,Walk,Decor,Standard,Pottery Barn,19860,30,15
153,Good,Appliances,Standard,West Elm,17806,180,23
154,Follow,Decor,Budget,West Elm,24677,180,13
155,Herself,Decor,Premium,Pottery Barn,9163,30,5
156,Eight,Furniture,Budget,West Elm,1747,90,28
157,Trial,Cookware,Budget,Williams Sonoma,14666,180,13
158,Most,Cookware,Premium,West Elm,38339,30,7
159,Why,Decor,Premium,Pottery Barn,24763,180,28
160,Gun,Furniture,Standard,Pottery Barn,21582,180,9
161,Respond,Furniture,Standard,Pottery Barn,7188,180,19
162,Strategy,Decor,Premium,Williams Sonoma,10450,180,16
163,Top,Lighting,Premium,Pottery Barn,14818,90,9
164,White,Decor,Standard,Williams Sonoma,31705,30,21
165,School,Appliances,Budget,Williams Sonoma,43531,180,18
166,Various,Lighting,Premium,Pottery Barn,36836,90,25
167,Mouth,Decor,Standard,Williams Sonoma,20155,90,15
168,Middle,Lighting,Budget,West Elm,42905,180,7
169,Blue,Decor,Standard,Williams Sonoma,13545,180,5
170,Adult,Appliances,Budget,Williams Sonoma,12133,180,13
171,Production,Cookware,Budget,Williams Sonoma,41472,30,7
172,Left,Furniture,Standard,Williams Sonoma,47129,180,17
173,Half,Decor,Standard,West Elm,18316,30,5
174,Explain,Furniture,Budget,Pottery Barn,48965,180,29
175,Couple,Furniture,Standard,Williams Sonoma,43786,180,18
176,Job,Lighting,Budget,Pottery Barn,35404,90,12
177,Kid,Appliances,Budget,Pottery Barn,45158,30,6
178,Debate,Decor,Standard,Pottery Barn,34233,90,25
179,Art,Appliances,Budget,West Elm,46142,30,12
180,Surface,Appliances,Standard,West Elm,18659,30,24
181,Hard,Furniture,Budget,Williams Sonoma,34337,180,19
182,Throw,Cookware,Standard,Williams Sonoma,19077,30,13
183,Increase,Cookware,Standard,West Elm,911,90,6
184,Pay,Decor,Standard,West Elm,37319,180,12
185,Impact,Lighting,Premium,Williams Sonoma,40637,90,19
186,Whether,Appliances,Premium,West Elm,21129,90,29
187,Method,Furniture,Standard,West Elm,26539,180,21
188,Amount,Cookware,Standard,West Elm,7846,90,29
189,Watch,Decor,Budget,Williams Sonoma,20670,180,28
190,Eight,Cookware,Standard,Williams Sonoma,44826,180,13
191,Large,Cookware,Standard,Pottery Barn,40839,90,15
192,Age,Decor,Standard,West Elm,49808,180,8
193,Last,Lighting,Budget,Williams Sonoma,4520,90,5
194,Hard,Decor,Budget,Pottery Barn,35158,30,5
195,Try,Cookware,Budget,West Elm,36636,30,19
196,Responsibility,Cookware,Standard,Pottery Barn,4025,90,14
197,Fast,Decor,Standard,Williams Sonoma,8129,90,20
198,Brother,Decor,Budget,West Elm,36357,30,12
199,Wide,Appliances,Budget,Pottery Barn,44338,180,13
200,Indicate,Lighting,Standard,West Elm,34641,30,23
