date,city,avg_temp,rainfall_mm,humidity,weather_condition
2023-01-01,New York,21.265765981268174,2.5773321576580255,86.28489562333162,Rain
2023-01-02,New York,19.90199414926019,0.6650183773411666,33.33203818647726,Sunny
2023-01-03,New York,22.54841122420645,2.1642226343940996,82.47359122648898,Rain
2023-01-04,New York,9.04673421187804,3.4907710610478504,83.22169027922696,Snow
2023-01-05,New York,7.985051365196615,5.658642437133635,39.17877102452587,Rain
2023-01-06,New York,29.479065571523627,19.537001714907788,44.9453677724989,Snow
2023-01-07,New York,-3.5469140960514345,18.10780185370788,73.38004152408378,Snow
2023-01-08,New York,21.01499376491723,6.869345471742896,70.92139478294172,Rain
2023-01-09,New York,30.83797418165006,14.350902105962032,78.33088570597884,Sunny
2023-01-10,New York,-1.596406956825831,13.394483391884858,30.74272201774698,Sunny
2023-01-11,New York,4.96595872551206,10.1446986948811,76.79603290309757,Sunny
2023-01-12,New York,26.161529571404444,7.349248375719113,61.451725880677515,Rain
2023-01-13,New York,20.392197946675502,2.006930313593296,45.69932671886429,Sunny
2023-01-14,New York,9.843380179738928,17.370958937526666,41.266508268411044,Sunny
2023-01-15,New York,-4.9156030289611685,17.276311232963923,56.666477603347474,Rain
2023-01-16,New York,0.48175702535837583,10.825645407046125,55.18784639911918,Snow
2023-01-17,New York,34.755425060604026,7.848358107466817,39.46839648141929,Sunny
2023-01-18,New York,19.30357085485165,9.447906728241245,69.68645628297327,Sunny
2023-01-19,New York,6.118125183920128,18.70746020126139,30.97915814608604,Sunny
2023-01-20,New York,7.129233591408486,6.834790095141621,63.59819892687361,Snow
2023-01-21,New York,14.963219238528211,11.49698695837969,38.068176265724354,Sunny
2023-01-22,New York,24.734038235576662,17.452852978988126,76.28110362799936,Rain
2023-01-23,New York,16.128169688178396,7.617162310069425,35.347924992415706,Rain
2023-01-24,New York,13.281546338663372,13.911104732021567,87.10758796774127,Sunny
2023-01-25,New York,26.676340638453155,5.399869041443816,31.835155983646825,Rain
2023-01-26,New York,2.1664788634732535,1.3083793152677003,62.251923468277695,Snow
2023-01-27,New York,27.159529328457396,16.38734553439749,57.92194808286336,Snow
2023-01-28,New York,12.738671045838146,1.9980493980889213,63.29738893877934,Snow
2023-01-29,New York,29.626195011651497,11.344558208976714,49.65559839168639,Rain
2023-01-30,New York,-0.6296399144490028,17.31951458303018,46.17394563370625,Rain
2023-01-31,New York,33.30674167097169,11.504102028298384,46.22013410870949,Sunny
2023-02-01,New York,26.58630629672356,19.757005299906417,32.553827062964565,Rain
2023-02-02,New York,8.59819012126489,6.771592633074148,44.9086469913314,Sunny
2023-02-03,New York,16.623993509123256,6.069590131790951,32.82444754099583,Snow
2023-02-04,New York,5.6253643682591115,14.752965842256229,40.913165782945796,Sunny
2023-02-05,New York,23.169119433240404,8.180175230654934,57.009369657896485,Sunny
2023-02-06,New York,7.153673812807572,15.257447809987886,63.62673218563733,Rain
2023-02-07,New York,31.10415811434948,19.539464622070483,32.43014936826169,Sunny
2023-02-08,New York,23.402618918401174,1.474192134498955,37.92339181370893,Snow
2023-02-09,New York,34.39968415116145,2.5411756760497384,41.28363199138049,Rain
2023-02-10,New York,10.492968677996073,16.421770974054198,64.75277414875755,Rain
2023-02-11,New York,13.55591020493073,6.711891571270694,83.21850278533893,Sunny
2023-02-12,New York,4.213689050762728,9.24817115578528,65.59342981155118,Snow
2023-02-13,New York,34.736178709121845,15.526055721556462,58.87795761537894,Snow
2023-02-14,New York,26.231906501226625,13.23906144704715,56.65909855496257,Sunny
2023-02-15,New York,-2.4953289988337657,13.939044935459783,76.7635248083314,Rain
2023-02-16,New York,5.902727878288513,15.588176550441284,37.95405269536192,Rain
2023-02-17,New York,27.984476107093805,7.313459937063813,33.04834198219834,Snow
2023-02-18,New York,21.982615864642348,13.452225943959471,64.80479006146753,Snow
2023-02-19,New York,10.409409353926637,8.57016534781155,85.24702591866242,Snow
2023-02-20,New York,27.456137487325243,3.8943281311671862,81.98452669850997,Sunny
2023-02-21,New York,8.465165064706497,7.244256251080959,54.4256279506899,Rain
2023-02-22,New York,-3.272409074529783,5.553602262369415,56.44229334481511,Snow
2023-02-23,New York,6.290990103155437,5.426221912939397,75.06892021791163,Snow
2023-02-24,New York,30.63963011235596,16.703524115841034,60.75964245840408,Rain
2023-02-25,New York,11.222606257510051,4.665278420289463,71.90130437385494,Sunny
2023-02-26,New York,20.15289344421637,15.35993495775918,64.10343027605433,Rain
2023-02-27,New York,10.765571765010286,8.401284350197717,35.77378018969512,Snow
2023-02-28,New York,13.963694286093538,16.138256088407473,68.75091225130024,Sunny
2023-03-01,New York,26.30031954461051,6.3819252469801535,31.64928335277648,Sunny
2023-03-02,New York,26.29858134635063,11.713582474092462,66.37514136280778,Rain
2023-03-03,New York,15.463782065185544,15.42549176545091,78.46579037013457,Snow
2023-03-04,New York,26.863045959059054,13.422487353759092,30.676395463307326,Snow
2023-03-05,New York,28.19936734491946,4.733502226472779,69.02320752517647,Rain
2023-03-06,New York,9.487058563875417,9.601793819283866,41.58902965832769,Rain
2023-03-07,New York,-0.6822202527742238,6.053584184135772,88.04538672040408,Rain
2023-03-08,New York,-4.55075371028141,2.2929973406091597,83.71486116184984,Rain
2023-03-09,New York,5.0613451420881805,2.2847480522442143,75.17484028926717,Rain
2023-03-10,New York,29.485101686392227,3.414580222378414,70.18197554267854,Snow
2023-03-11,New York,18.234685791424745,12.751497040507584,61.38531610574919,Sunny
2023-03-12,New York,21.868099655225475,18.924834548628283,77.00010277826047,Sunny
2023-03-13,New York,10.507805522955934,5.480545811802731,61.52710914457653,Snow
2023-03-14,New York,5.3185543177199825,2.6326517764896673,66.04142465953426,Sunny
2023-03-15,New York,0.7782738325949001,17.02005957577168,32.198713585952575,Snow
2023-03-16,New York,-2.2892730720306664,1.301904536533094,56.38458458141991,Rain
2023-03-17,New York,15.578950955903853,2.999806206988578,47.24413408614247,Rain
2023-03-18,New York,34.90393472388941,5.503367624489828,66.43576224573934,Sunny
2023-03-19,New York,2.5642758114209796,3.0811099757230154,38.3877200837062,Sunny
2023-03-20,New York,34.1704366693333,9.5939164522692,82.01440291216862,Rain
2023-03-21,New York,-0.4121821158151784,6.4909894789772205,31.2479499842439,Rain
2023-03-22,New York,12.964651198541976,16.09608172948559,46.25644783065272,Snow
2023-03-23,New York,-0.890618693295564,16.503626386673236,52.43771801838567,Snow
2023-03-24,New York,9.124535888779754,12.689362994353917,82.7138056641609,Rain
2023-03-25,New York,27.161427221143263,0.5045966048088424,74.97268044784218,Snow
2023-03-26,New York,20.597514575822192,3.1560941672605702,38.05536136498971,Rain
2023-03-27,New York,1.1674446086907864,8.786766192972886,45.09088230802146,Sunny
2023-03-28,New York,23.847280758087575,11.861401626529863,64.63874209633505,Sunny
2023-03-29,New York,-4.322055949030816,4.324706346677775,55.90595588508517,Snow
2023-03-30,New York,26.938174944235563,16.913871361920144,34.16435213685293,Sunny
2023-03-31,New York,18.29274205761759,9.083005301319334,42.54338280719617,Snow
2023-04-01,New York,14.111730198971273,8.753901050332614,55.528549542069825,Rain
2023-04-02,New York,13.984000888208335,2.091584788820009,39.05268610401009,Rain
2023-04-03,New York,32.55656831620911,6.106020772408449,58.67781296434889,Rain
2023-04-04,New York,-3.603542776530322,14.445443871785805,77.77087718903272,Rain
2023-04-05,New York,3.1287931881082756,4.445411810881026,39.767624107421,Snow
2023-04-06,New York,27.45872217407942,7.882721823176981,68.43412939259642,Sunny
2023-04-07,New York,17.409412998981388,12.684736861543113,64.90076334370775,Sunny
2023-04-08,New York,7.436456903079485,6.014827002022278,31.622420854439106,Snow
2023-04-09,New York,6.714287158348586,11.64952589825446,46.642837150628885,Rain
2023-04-10,New York,1.7977505514872538,11.32716862902306,39.00594134205772,Snow
2023-04-11,New York,29.17886255429395,16.127395344738222,42.829421067282475,Sunny
2023-04-12,New York,12.29186881621738,4.1981466047017,61.2807299344676,Rain
2023-04-13,New York,2.490561957454065,5.888053187148444,61.080933965015944,Rain
2023-04-14,New York,34.586762878732806,19.46360212019172,56.472432133923455,Snow
2023-04-15,New York,29.347013951717344,13.409540356802822,75.2046710168689,Sunny
2023-04-16,New York,13.645518285256088,4.407783020648215,53.43038372785335,Rain
2023-04-17,New York,21.226154862298166,14.412380360526967,74.43517774378708,Sunny
2023-04-18,New York,31.73970161876254,18.492474383420966,36.1795573512699,Snow
2023-04-19,New York,-0.7245925916891949,1.4951674304422635,78.93995317578876,Snow
2023-04-20,New York,4.825928591427434,2.5065981411315796,31.110325625847118,Rain
2023-04-21,New York,19.998897923580547,12.72523091883861,62.52403565518416,Rain
2023-04-22,New York,25.285524535725024,3.085921066218338,70.41382568962445,Rain
2023-04-23,New York,29.38452717036425,7.373862883894304,73.09365126594432,Snow
2023-04-24,New York,14.8588904535227,2.4527475085701034,40.88240344032482,Sunny
2023-04-25,New York,7.396967027679654,0.20125098445797684,51.490874788111306,Snow
2023-04-26,New York,6.567463050287943,4.2231848325804116,63.48095190401046,Sunny
2023-04-27,New York,11.320358743874447,6.701884947317196,38.63441948844,Sunny
2023-04-28,New York,27.97421951884737,12.248708740764116,62.69737846804214,Rain
2023-04-29,New York,1.8758586657996013,11.535808968387935,45.27454396083112,Rain
2023-04-30,New York,28.95026794237767,18.611236784641378,31.833830846982224,Rain
2023-05-01,New York,15.765972891950351,18.05813843070851,76.40382870091383,Snow
2023-05-02,New York,-4.673041852247568,10.341142181260636,47.80604505501937,Snow
2023-05-03,New York,34.52267432652877,7.0786699456251245,89.2333593429174,Rain
2023-05-04,New York,24.60794787202498,3.3871898300619097,79.05142700370789,Snow
2023-05-05,New York,20.86875175672386,15.412544988727301,52.612414364401225,Rain
2023-05-06,New York,-4.026210829751293,19.124482508519993,41.55164663326197,Snow
2023-05-07,New York,20.69904618053036,4.794837597057892,52.60113211744647,Rain
2023-05-08,New York,9.998779951367398,12.676880605019964,85.24429705309919,Rain
2023-05-09,New York,6.098992508585859,18.06971638061879,35.01428664422554,Sunny
2023-05-10,New York,18.993421245158174,15.338829168602938,41.1776531875291,Snow
2023-05-11,New York,5.009818622537377,4.283411476928245,53.67257728273036,Sunny
2023-05-12,New York,11.400917728113203,14.639389385617978,54.86332869852089,Rain
2023-05-13,New York,-4.847203298442064,16.510323172926938,65.64617617770651,Snow
2023-05-14,New York,22.266786299409734,13.48305455470009,83.3383069991749,Snow
2023-05-15,New York,17.008253094239052,8.61072708900662,36.713782768571,Sunny
2023-05-16,New York,10.464957551326801,6.110372392487802,53.408006906090876,Snow
2023-05-17,New York,26.98376151640389,9.731835925793675,64.97817396604214,Sunny
2023-05-18,New York,15.884405817536194,4.861532866552416,37.91364963790477,Rain
2023-05-19,New York,-0.49615169217846145,11.984220922264505,89.41317256211322,Sunny
2023-05-20,New York,24.926308445418783,13.060620268992144,41.20576159493872,Sunny
2023-05-21,New York,1.6405915447042352,19.092431987958705,38.02663150919775,Snow
2023-05-22,New York,-3.2928798710906326,0.9721185316331171,71.28952833769114,Sunny
2023-05-23,New York,-1.702777617142024,2.140783338378913,65.95481651322018,Snow
2023-05-24,New York,5.082019333262476,7.51512772427186,50.309311358264566,Sunny
2023-05-25,New York,28.191403247782446,15.311303817141738,43.14573637905341,Snow
2023-05-26,New York,14.429841158342498,7.602410260329682,51.08654634762209,Rain
2023-05-27,New York,-0.7726133466270024,2.817683267828097,53.03179063547837,Snow
2023-05-28,New York,13.596289202348157,8.236131372154706,43.572274359041394,Snow
2023-05-29,New York,4.113149203150632,18.98922765974429,75.153394115028,Rain
2023-05-30,New York,31.280938987409044,18.825606643635084,39.48048010582795,Rain
2023-05-31,New York,1.4341668584461553,1.5905829146830608,58.315245773525106,Rain
2023-06-01,New York,8.823190400451146,6.88337329302856,30.825160537922805,Sunny
2023-06-02,New York,2.2662993574435086,1.1122404908139738,58.86200833250126,Snow
2023-06-03,New York,1.237342540787214,10.360091432867263,48.65219360267871,Sunny
2023-06-04,New York,12.846873483989086,15.364482187314291,31.21564389607913,Rain
2023-06-05,New York,4.500322616653394,0.6423329827097013,75.02475137562699,Rain
2023-06-06,New York,31.968131820564615,8.902210607745847,84.12304606131471,Sunny
2023-06-07,New York,8.340503851182328,6.744427778746953,56.16766029234526,Sunny
2023-06-08,New York,21.74069580970088,17.9587813607422,58.888413080117985,Rain
2023-06-09,New York,-3.851230157634342,11.534072090977492,85.12026749659321,Sunny
2023-06-10,New York,6.247522676933466,11.431757546041322,59.507771634022376,Snow
2023-06-11,New York,4.987147705214742,2.633170884570839,74.71790619665856,Rain
2023-06-12,New York,1.9183534156524074,9.905447358748148,43.133487921593066,Snow
2023-06-13,New York,9.930285041475159,5.9091131235710215,84.1444928936063,Sunny
2023-06-14,New York,27.2905047516511,15.47162229536276,72.0013422610277,Snow
2023-06-15,New York,9.031936434265763,6.548416652080555,73.45983390710151,Sunny
2023-06-16,New York,31.203938529561853,15.867993584912842,80.56722728162984,Snow
2023-06-17,New York,28.045903477724522,13.597839996630352,45.82646104662194,Sunny
2023-06-18,New York,11.30713851923067,1.5534068783902932,83.82408848554184,Snow
2023-06-19,New York,29.90949439860134,12.766388210451577,54.55016017605923,Snow
2023-06-20,New York,18.177275573900626,16.04204003858895,78.89792153520747,Rain
2023-06-21,New York,13.210693131170576,1.798841931614752,74.98850076612143,Snow
2023-06-22,New York,23.34355472803022,16.721340649284937,83.58156349894308,Rain
2023-06-23,New York,14.5037450046227,8.09293298774724,66.93809792636954,Snow
2023-06-24,New York,14.846953313540531,13.557324291829993,87.35706039028233,Rain
2023-06-25,New York,9.910045941400224,12.394308617235604,80.92957089532027,Rain
2023-06-26,New York,33.19046211364438,3.9058807260927075,41.817983538735604,Snow
2023-06-27,New York,31.51093842335311,17.593734801039737,55.79194680822328,Sunny
2023-06-28,New York,0.11688868515610462,11.369434876260826,40.182506277745375,Rain
2023-06-29,New York,24.215949305688824,11.368478369038655,58.43342151366913,Snow
2023-06-30,New York,23.58953677587314,4.413158567386681,63.801953361260026,Snow
2023-07-01,New York,18.26580953888508,9.59801116326108,34.06921311615795,Snow
2023-07-02,New York,11.333230045099288,18.164626887386778,44.88112826001927,Snow
2023-07-03,New York,8.713750076978727,13.159420146722265,84.78061516132976,Sunny
2023-07-04,New York,18.978492648224773,8.082036982925727,64.29061581717187,Snow
2023-07-05,New York,29.5873503045963,2.3770447939622796,82.76484058706413,Snow
2023-07-06,New York,21.819249187673478,18.01609317961885,43.27953636354578,Sunny
2023-07-07,New York,4.848149442980834,10.632078846339851,31.14357541811463,Rain
2023-07-08,New York,16.391482134093796,11.988448368357423,33.269079426655075,Snow
2023-07-09,New York,3.633707620861717,8.701969171794255,43.87202171063239,Snow
2023-07-10,New York,33.28293202408805,12.753624334681096,72.96930377606975,Rain
2023-07-11,New York,-4.5485881753382085,1.088079419426653,42.15331766863132,Rain
2023-07-12,New York,13.824007710363876,6.599808972081071,56.154037755849174,Snow
2023-07-13,New York,-0.030283711684133685,13.70542563659174,53.960846189983215,Rain
2023-07-14,New York,20.54498514702654,0.18565142988381966,73.1707272367573,Sunny
2023-07-15,New York,25.586582596734665,16.635839368353782,37.2313757713415,Sunny
2023-07-16,New York,24.25546904638228,9.17789909088313,67.77214114546464,Sunny
2023-07-17,New York,29.48345290583933,7.423728766869456,82.69370780709893,Snow
2023-07-18,New York,7.724150111678977,16.173476233288078,69.89771566032121,Snow
2023-07-19,New York,22.73794121506064,10.980158789618105,53.59651471026875,Sunny
2023-07-20,New York,21.738964324195575,14.546280356812318,62.33122573695782,Sunny
2023-07-21,New York,12.508665696492557,2.191143437033347,71.62518421842051,Snow
2023-07-22,New York,-4.01672975280154,9.69088931621808,37.31608886994544,Snow
2023-07-23,New York,13.563073530115712,14.005083369046865,78.01270552437998,Snow
2023-07-24,New York,-1.68852382013307,0.8996943159786164,48.37510151215873,Rain
2023-07-25,New York,22.96220291467115,17.817708461701855,49.21480230342022,Sunny
2023-07-26,New York,29.876339436356908,12.65947256401996,64.90905377846408,Snow
2023-07-27,New York,22.30880422541738,0.4955418274276502,48.90501093697464,Rain
2023-07-28,New York,14.596743516195954,16.76185710137642,83.1984674999091,Rain
2023-07-29,New York,3.005431136298151,10.939968464420218,72.87583224025138,Snow
2023-07-30,New York,16.116386464312868,2.7875483610936125,72.26258143740174,Snow
2023-07-31,New York,23.549552083907088,9.84928117421073,70.45872671050006,Snow
2023-08-01,New York,7.2065323233065826,7.154953326652325,81.47221605937986,Snow
2023-08-02,New York,28.520112557788096,16.1300453409601,73.77204659697388,Snow
2023-08-03,New York,18.273648570218644,5.356037761787387,35.79918184287314,Sunny
2023-08-04,New York,23.166096870928712,16.885837699922007,31.181590900287365,Sunny
2023-08-05,New York,16.50627463828165,4.850101391174986,70.12961619760127,Snow
2023-08-06,New York,6.663878247901369,8.807887589471687,55.76584023904063,Snow
2023-08-07,New York,3.921842050802539,5.042534092420632,38.23369673657034,Sunny
2023-08-08,New York,9.966845029767306,3.376863553604097,47.62616780463192,Rain
2023-08-09,New York,-1.9788382305611485,1.0813606761748362,79.5742997386954,Rain
2023-08-10,New York,26.966125158650975,2.853100153929209,82.38045969106653,Rain
2023-08-11,New York,6.739710434283314,8.34611217334661,86.21791139678288,Snow
2023-08-12,New York,23.898210602050632,1.7763403491952712,39.396618306865214,Rain
2023-08-13,New York,28.81822780350609,6.253388371334212,81.63855367204417,Sunny
2023-08-14,New York,12.538135395424522,6.797946058442403,30.02646914119493,Rain
2023-08-15,New York,20.653699753330773,18.645962127570808,31.743944894004095,Snow
2023-08-16,New York,26.08705257002375,8.532368711341478,83.14015225439253,Rain
2023-08-17,New York,17.529783536811102,7.424266395921057,87.67299949234612,Snow
2023-08-18,New York,4.268409145116824,13.427277550809984,30.656082033863758,Snow
2023-08-19,New York,33.729884547681024,18.171181590919776,43.51627043654007,Sunny
2023-08-20,New York,-1.5729746808526235,18.535757349835592,72.51624965815832,Sunny
2023-08-21,New York,-1.6528499532616436,7.268694013817967,89.25632439953993,Rain
2023-08-22,New York,25.258577971488133,12.12380551758243,43.388522008208916,Rain
2023-08-23,New York,12.23124265316816,10.596170134316594,36.458278709619876,Sunny
2023-08-24,New York,4.463679141242135,7.60248057479399,36.67564572448496,Snow
2023-08-25,New York,1.8726496156717776,8.414596568216496,89.95014265415105,Sunny
2023-08-26,New York,6.920759731718196,17.3536995712108,37.02992822229067,Snow
2023-08-27,New York,13.177499692543712,17.62119968370293,45.83820839170058,Snow
2023-08-28,New York,9.374739275386116,4.084233946616993,70.99593913090543,Rain
2023-08-29,New York,7.352864121974392,14.2854964170998,70.21131550606682,Sunny
2023-08-30,New York,20.189207769842508,5.365365185915589,39.558907975583274,Sunny
2023-08-31,New York,14.661356081441124,8.688408059923212,76.51095174811606,Snow
2023-09-01,New York,11.508308911622432,12.360393167224357,58.02169401636438,Rain
2023-09-02,New York,7.09366484642317,19.68456542113718,74.55259167874999,Snow
2023-09-03,New York,16.038125091978664,12.020621164094909,44.343316216722414,Sunny
2023-09-04,New York,3.3384083721608846,0.2290381956501153,72.25530801853648,Sunny
2023-09-05,New York,23.962585072935802,6.19974281945151,68.42058364011007,Snow
2023-09-06,New York,18.43441754854866,15.70106374985556,69.97651885096266,Rain
2023-09-07,New York,26.681109727892796,8.003895682303103,74.22359146657188,Sunny
2023-09-08,New York,24.29758942461595,2.316102091723582,87.73679194171727,Snow
2023-09-09,New York,31.80506950822617,4.857985776987124,85.1466762335854,Rain
2023-09-10,New York,17.55570784188556,0.42804218978628406,39.782655551748626,Rain
2023-09-11,New York,25.842486715836998,17.990403567471084,42.92121404917005,Sunny
2023-09-12,New York,14.812135390922968,1.2952652819666999,44.4882861071587,Rain
2023-09-13,New York,27.68422736774764,9.444052230181985,65.95377660086535,Snow
2023-09-14,New York,24.082574635698975,10.277937856438735,31.50590739314765,Sunny
2023-09-15,New York,4.877159075040382,8.401321234813784,64.462303869474,Sunny
2023-09-16,New York,0.14775702403307722,10.835401061625934,75.54365522156664,Snow
2023-09-17,New York,18.11291311075472,1.7441090285826055,79.17863008619787,Sunny
2023-09-18,New York,-1.9882944788928336,16.159724930805655,31.44049735918366,Rain
2023-09-19,New York,11.842696310229144,2.379296258774375,50.78328090239819,Snow
2023-09-20,New York,25.188841947011596,18.20613648684609,36.77082074417181,Snow
2023-09-21,New York,25.100129008219632,16.821392083502662,51.140415414936584,Snow
2023-09-22,New York,2.3047794658093634,1.7058283906831084,52.997803478365405,Rain
2023-09-23,New York,-4.571739387083755,15.573530883353229,50.30831297361658,Sunny
2023-09-24,New York,3.7339498789559222,19.660292708205702,46.67978388514969,Snow
2023-09-25,New York,11.37157061628892,4.801195268748106,82.7712088950848,Sunny
2023-09-26,New York,26.21967456148981,7.768391249149138,41.86577928843557,Rain
2023-09-27,New York,14.211144065814722,1.865128383723671,39.757224218272,Snow
2023-09-28,New York,12.675163380049227,8.805637806716275,81.15104831450753,Snow
2023-09-29,New York,30.819181965888475,2.7231654540246097,58.70334592207057,Sunny
2023-09-30,New York,26.540480114959056,11.546544477101095,42.32550407208185,Sunny
2023-10-01,New York,18.089850453375526,0.7565923043439926,86.09812330580579,Sunny
2023-10-02,New York,8.482215261108209,4.482157160471987,88.23825766471921,Snow
2023-10-03,New York,7.546916105402911,5.323154367665996,50.750090861468806,Sunny
2023-10-04,New York,-1.1107093390527645,12.55395430421367,41.94361891030856,Snow
2023-10-05,New York,29.868570781435892,0.4507488001950466,58.20430833695319,Snow
2023-10-06,New York,22.46828229426694,11.23950509244465,34.093742578196746,Rain
2023-10-07,New York,11.60079619763102,12.09624880913125,33.73349238168766,Snow
2023-10-08,New York,22.686111224440126,6.610001162770704,46.86079041975163,Rain
2023-10-09,New York,19.39525173059915,15.86893841311241,64.87366755637416,Sunny
2023-10-10,New York,26.211034549155137,16.968702902938368,89.83067625735016,Rain
2023-10-11,New York,1.273415490275851,9.84371201468864,34.55224364729939,Snow
2023-10-12,New York,23.127055903782047,1.1979368491281406,75.14200827067322,Sunny
2023-10-13,New York,6.498715868026682,1.3507208725520892,33.20240499753722,Rain
2023-10-14,New York,25.565109631794325,19.75842269245364,74.69233305282187,Sunny
2023-10-15,New York,27.959243040185186,11.95995032764327,30.535903290020983,Rain
2023-10-16,New York,-4.234216206277073,11.77532986710095,64.1280825002886,Snow
2023-10-17,New York,14.54285525359607,8.237165214724204,34.23841272213763,Snow
2023-10-18,New York,5.8335429500767155,17.669578235025853,46.2571448928627,Rain
2023-10-19,New York,-4.814764277851165,1.3117111615874522,60.875868661699506,Snow
2023-10-20,New York,6.185249093853349,8.732217162944043,47.5056307106407,Sunny
2023-10-21,New York,18.191957548843327,9.922994157675316,71.40493133663693,Sunny
2023-10-22,New York,5.209204999523415,1.2309727832733097,61.79653598226615,Sunny
2023-10-23,New York,17.346429897315964,9.514664268894958,77.20439047297867,Snow
2023-10-24,New York,8.517087616821435,16.993808533537738,61.7171558155222,Sunny
2023-10-25,New York,15.471358209202325,1.6202423598756654,36.76788413880356,Sunny
2023-10-26,New York,34.46443923385544,6.933456480057226,37.25271387146146,Snow
2023-10-27,New York,-4.144291386468542,6.758320185924866,65.67066530876903,Rain
2023-10-28,New York,6.795799150808497,12.373393274143067,66.06074564766345,Sunny
2023-10-29,New York,2.5037679782618483,18.320344926412925,32.43845650454624,Sunny
2023-10-30,New York,11.425522816422973,13.262128190360407,80.69643351965871,Sunny
2023-10-31,New York,7.555462140065581,12.355818764809946,78.8047144504682,Snow
2023-11-01,New York,5.122835247686597,0.5458888509934945,71.17422967717825,Sunny
2023-11-02,New York,26.33921133674423,15.514485292778275,33.58481161313718,Sunny
2023-11-03,New York,14.003753286211243,14.300813318700916,72.09517423812403,Rain
2023-11-04,New York,11.191489749202994,1.4246569913456586,53.76925071569567,Rain
2023-11-05,New York,18.150031416595077,2.693150003905598,57.295089308582476,Sunny
2023-11-06,New York,3.8213826113355776,3.1196829321321107,31.552861045785107,Sunny
2023-11-07,New York,29.160012838496534,1.2283614661741682,46.74937847142715,Snow
2023-11-08,New York,20.185700488100725,1.3746371174250571,58.63294850157003,Sunny
2023-11-09,New York,8.112988043988203,0.1712428440368452,57.71949174949553,Sunny
2023-11-10,New York,9.53367497024808,12.89398605750896,55.18215872103745,Snow
2023-11-11,New York,13.875245567703104,11.754033313474526,32.66536178670822,Rain
2023-11-12,New York,32.9749477146102,10.782993910248212,34.027507916941815,Sunny
2023-11-13,New York,24.70811181230321,1.471984595528839,78.71640383499985,Snow
2023-11-14,New York,20.74387573952615,11.25748838745025,73.40929211592227,Rain
2023-11-15,New York,31.92966127517039,8.931501781023703,30.9054801957049,Sunny
2023-11-16,New York,32.46029957293571,5.065014151170857,82.22004313624089,Sunny
2023-11-17,New York,3.537463630067851,14.829046622955467,89.32310302410528,Snow
2023-11-18,New York,25.664045578113498,15.970920108366977,89.40581464517949,Rain
2023-11-19,New York,4.86070317949649,6.403822063663293,42.67936773605577,Sunny
2023-11-20,New York,26.351588809134533,11.160909894221149,67.93771660915253,Rain
2023-11-21,New York,15.328411162825034,1.4892365183691791,36.789629656920035,Snow
2023-11-22,New York,26.07600687581826,6.512242161273898,67.26724464674899,Sunny
2023-11-23,New York,24.23175789948104,0.10172568479853261,62.17472025598946,Sunny
2023-11-24,New York,-2.7230944242420785,17.560182566584952,85.11016529883298,Snow
2023-11-25,New York,12.800463372568402,19.272254071274652,89.52754962662839,Snow
2023-11-26,New York,16.27150028110577,8.852533740554694,86.78224471219178,Rain
2023-11-27,New York,2.071334965056324,18.71133337418418,59.1136187337397,Snow
2023-11-28,New York,8.861940879307761,19.192494828340074,69.17065255281614,Snow
2023-11-29,New York,4.1673993825013955,11.165383509562623,83.6434487680207,Sunny
2023-11-30,New York,21.6471493434589,17.333639657546357,73.43142726212048,Sunny
2023-12-01,New York,22.42180398148697,5.812385522355681,37.2219779271781,Snow
2023-12-02,New York,27.429008944262925,10.327482525795284,75.19601148042507,Snow
2023-12-03,New York,-1.0976297578183125,13.44465232609496,54.07450941517361,Snow
2023-12-04,New York,23.629562619331665,3.6351031673341194,86.69975259171495,Rain
2023-12-05,New York,5.684334853560863,18.397137119613138,68.26329908882235,Sunny
2023-12-06,New York,4.742744429965162,12.728617834727016,46.42947540940754,Sunny
2023-12-07,New York,-3.3144423813308466,0.04668740679636185,57.49380094628852,Sunny
2023-12-08,New York,1.6099670199173932,16.43489638430169,67.41666854993115,Snow
2023-12-09,New York,33.08081026786249,17.33679951173208,81.65714169791079,Rain
2023-12-10,New York,0.24528153376755402,16.673176815094976,56.57907113921719,Rain
2023-12-11,New York,3.551705469282208,1.2962223840515685,71.72714186380196,Rain
2023-12-12,New York,30.732374106237707,19.487813275411494,89.16255910729491,Snow
2023-12-13,New York,17.51963319465861,15.849498207126377,86.52134004509297,Snow
2023-12-14,New York,10.512486316273254,2.3726075527627755,81.90790634989534,Rain
2023-12-15,New York,12.9418093969878,6.499450209056807,34.18766271145688,Rain
2023-12-16,New York,13.30131026493083,1.4696368704216933,88.02632792568654,Rain
2023-12-17,New York,23.368322753034754,6.6609252590410595,42.061524595787404,Snow
2023-12-18,New York,25.23702164623982,7.899575453752838,31.284571648780883,Rain
2023-12-19,New York,13.410043531181287,2.304879658141392,39.212608611326566,Sunny
2023-12-20,New York,13.008107703920682,17.556566186843167,45.98506218081765,Rain
2023-12-21,New York,3.6705425279976858,1.1194847928964458,61.08449425470279,Sunny
2023-12-22,New York,-1.1982583154256687,19.313450646947178,81.77103956437524,Snow
2023-12-23,New York,8.897818488788252,8.155934490908205,30.46783369557746,Snow
2023-12-24,New York,-2.4515562059333185,6.949841818715454,46.41772534074103,Sunny
2023-12-25,New York,20.030029064472878,18.033539736063794,63.12908887895042,Rain
2023-12-26,New York,2.3286977512605356,19.697297953087794,31.81707276618836,Sunny
2023-12-27,New York,32.499613951945044,13.21381603883962,79.97475065804093,Sunny
2023-12-28,New York,-3.3467821422543276,5.609678336620614,44.18081680710549,Snow
2023-12-29,New York,6.067036595781827,18.41274088388829,60.384737643646446,Rain
2023-12-30,New York,21.264913904177682,1.4291549988128938,46.07179027951992,Snow
2023-12-31,New York,-4.430657743469237,16.800218776053807,67.35506065061193,Snow
2023-01-01,Los Angeles,29.579015855769974,12.037930650816122,40.68566819380699,Sunny
2023-01-02,Los Angeles,24.37376151931638,14.441108041349214,46.06116615733545,Snow
2023-01-03,Los Angeles,16.226365927279588,15.82778987798524,47.66363315506601,Sunny
2023-01-04,Los Angeles,27.47000164475339,4.4087441655592885,45.692971192987436,Rain
2023-01-05,Los Angeles,14.8868439724707,18.159987553412613,42.4447025970428,Rain
2023-01-06,Los Angeles,32.92020676075383,8.328266482118265,60.100042107933774,Sunny
2023-01-07,Los Angeles,-4.832663658071654,19.70553516242079,74.60661779580971,Rain
2023-01-08,Los Angeles,17.876053979893044,1.9501848347876005,88.13566367004273,Rain
2023-01-09,Los Angeles,26.265686504245203,2.3953666871160917,40.649976350909725,Sunny
2023-01-10,Los Angeles,13.020323319341578,14.73188929148103,38.29395146365191,Snow
2023-01-11,Los Angeles,10.88306476734132,12.00633833781826,39.41403027623781,Snow
2023-01-12,Los Angeles,1.869992915913028,3.561138786412825,51.22410436396727,Rain
2023-01-13,Los Angeles,21.219913550270206,14.725401123102372,82.94278216163659,Rain
2023-01-14,Los Angeles,34.30043062282005,4.48157640383662,49.86073930295041,Snow
2023-01-15,Los Angeles,22.086548682744485,5.966242476563648,59.866517700188744,Rain
2023-01-16,Los Angeles,17.842682510485453,18.301019649672938,76.79893274493486,Rain
2023-01-17,Los Angeles,9.018885607795198,18.514866663825412,49.745539089409846,Snow
2023-01-18,Los Angeles,34.83651672688776,16.094187187292764,34.43048258236837,Snow
2023-01-19,Los Angeles,21.26767380434764,17.92917436485145,54.81280626661039,Snow
2023-01-20,Los Angeles,28.60360206388699,11.943762684593269,70.75467400229856,Sunny
2023-01-21,Los Angeles,24.696153361223274,13.272308302972654,64.40406656528413,Rain
2023-01-22,Los Angeles,4.234714340870811,6.31088631993459,47.77632041267789,Sunny
2023-01-23,Los Angeles,6.514939694515407,8.393282583325119,80.42818944630335,Sunny
2023-01-24,Los Angeles,31.116074819825258,14.63633984351066,33.82235868211391,Sunny
2023-01-25,Los Angeles,25.86716098518924,6.250855402900795,63.816734279082524,Rain
2023-01-26,Los Angeles,8.00838714102396,17.397888702384506,32.230215664747064,Sunny
2023-01-27,Los Angeles,4.149643141684116,14.082322507740004,64.24516310367721,Rain
2023-01-28,Los Angeles,4.46226697300315,15.492568728302874,45.163723015022185,Snow
2023-01-29,Los Angeles,7.553419879102714,13.799295486330047,56.13694887141081,Sunny
2023-01-30,Los Angeles,5.922359730007681,19.314769881774463,39.80672634727412,Sunny
2023-01-31,Los Angeles,0.19141501466591215,11.73200343477307,72.21207468308685,Sunny
2023-02-01,Los Angeles,16.84001463948333,0.7768095284126209,52.16559854785902,Snow
2023-02-02,Los Angeles,22.736586503634392,8.30721265065616,33.64884527420159,Rain
2023-02-03,Los Angeles,5.462445399991843,6.479310769152782,42.59651923366619,Sunny
2023-02-04,Los Angeles,29.195617718028416,1.1355718482367583,47.83493031030358,Sunny
2023-02-05,Los Angeles,16.768466877717824,11.593103262844348,84.20226518305941,Rain
2023-02-06,Los Angeles,19.48891441361521,9.169183492369829,33.06191792370347,Rain
2023-02-07,Los Angeles,3.786903872083748,14.531386064978829,42.9347042085959,Rain
2023-02-08,Los Angeles,-3.848260451291523,9.173415886819654,75.58532030521442,Snow
2023-02-09,Los Angeles,32.78874982130916,15.846069989600903,79.44776470143839,Rain
2023-02-10,Los Angeles,32.06121755691817,10.320497803719562,53.97702994401733,Rain
2023-02-11,Los Angeles,8.032108115703181,0.24884808088644572,67.93598615203551,Snow
2023-02-12,Los Angeles,-2.9091301621794274,0.03999927134626491,61.670069378291714,Sunny
2023-02-13,Los Angeles,0.37073941244619046,18.779045209134026,68.91643572597042,Rain
2023-02-14,Los Angeles,27.62687222028412,7.120982235642954,68.36364730494495,Sunny
2023-02-15,Los Angeles,-1.9353961327871705,6.302632480717092,49.93019074843585,Snow
2023-02-16,Los Angeles,18.558701203325807,1.6721394099355247,78.67476895991035,Sunny
2023-02-17,Los Angeles,34.09966117201102,7.146149512800628,63.13657174202388,Rain
2023-02-18,Los Angeles,29.1013685935257,9.430309748930307,66.04820369229884,Sunny
2023-02-19,Los Angeles,-4.565251062770956,4.358336384173418,75.65177687400822,Sunny
2023-02-20,Los Angeles,-2.381850714833127,0.11659287560195075,48.73243718098659,Sunny
2023-02-21,Los Angeles,7.334889038654175,13.512811885355012,50.78228590524317,Sunny
2023-02-22,Los Angeles,0.13376980789170823,17.743260714416536,41.27496517068107,Snow
2023-02-23,Los Angeles,28.952523156784117,6.440670626875315,88.36691710184175,Rain
2023-02-24,Los Angeles,27.716132673169234,3.3700334085599026,69.29393771643231,Rain
2023-02-25,Los Angeles,17.374187983042503,2.2529106355695583,43.49167153996721,Snow
2023-02-26,Los Angeles,29.21811982003841,12.818364026435777,62.2668158350528,Rain
2023-02-27,Los Angeles,23.55841373798908,6.0104051980627045,57.04962706183606,Sunny
2023-02-28,Los Angeles,12.311905959227595,8.344883264760806,49.1793414664633,Rain
2023-03-01,Los Angeles,18.66403758048136,10.912192976488894,60.23958428531402,Sunny
2023-03-02,Los Angeles,22.877609567173526,15.893008183879346,87.21695727983682,Snow
2023-03-03,Los Angeles,0.005022982707867385,15.822490893205956,62.83362892123005,Rain
2023-03-04,Los Angeles,4.30493239635544,13.704818471668405,66.34397931330528,Snow
2023-03-05,Los Angeles,15.273647625719743,5.830934562225243,80.09869833655473,Rain
2023-03-06,Los Angeles,9.685613239690042,7.057258293754039,50.503939492763905,Snow
2023-03-07,Los Angeles,-4.515202992621399,11.759074691725896,88.26728097273158,Sunny
2023-03-08,Los Angeles,-2.1280277539546155,2.8421731146698814,68.58098001164238,Snow
2023-03-09,Los Angeles,16.157411173317136,19.595760896425706,64.26636746564937,Rain
2023-03-10,Los Angeles,9.370016292845321,8.096137949665405,41.36566138115448,Sunny
2023-03-11,Los Angeles,7.389838533125808,15.165561138878518,80.84085795157014,Sunny
2023-03-12,Los Angeles,25.173322104268962,16.28715810661802,31.899857635825143,Snow
2023-03-13,Los Angeles,28.357185715733912,16.346638701099483,41.98854584508093,Sunny
2023-03-14,Los Angeles,10.035146809520995,19.571063843074892,54.5833676565891,Sunny
2023-03-15,Los Angeles,17.95435869677266,2.424885510200292,87.18928809229423,Rain
2023-03-16,Los Angeles,12.57440195007673,9.744689414236543,84.81163138189953,Rain
2023-03-17,Los Angeles,-0.39289671760395883,9.805189410994256,81.75094940549597,Snow
2023-03-18,Los Angeles,9.103162166304442,6.5205002325602095,85.27908191409009,Rain
2023-03-19,Los Angeles,32.93160321368716,17.67847180393734,38.62061502282298,Snow
2023-03-20,Los Angeles,31.007126086706336,15.27955090684637,72.87110426170227,Sunny
2023-03-21,Los Angeles,25.3225007530566,2.5216672373327675,38.42892565804874,Snow
2023-03-22,Los Angeles,2.2973286785614633,15.467700128461697,55.096584274663456,Rain
2023-03-23,Los Angeles,28.92627466408996,18.3691986387366,59.59480842401567,Snow
2023-03-24,Los Angeles,12.664295638974295,8.382885762563133,74.68683874237674,Rain
2023-03-25,Los Angeles,4.217745652692756,16.43492424135286,77.13853663890734,Sunny
2023-03-26,Los Angeles,5.540362604645157,7.258158354093531,72.12435176748662,Rain
2023-03-27,Los Angeles,25.03921150403677,14.76940326534869,42.637456093812936,Snow
2023-03-28,Los Angeles,11.316613095844367,10.277491243861714,32.96050014198638,Sunny
2023-03-29,Los Angeles,6.359647927337239,17.64521446595134,71.13960710275316,Sunny
2023-03-30,Los Angeles,3.993252531593825,2.3033018418895,42.94877441822449,Rain
2023-03-31,Los Angeles,24.62194547099201,5.529506221048419,37.438494792443635,Snow
2023-04-01,Los Angeles,34.6474685608288,15.834637236701031,31.168452949791913,Sunny
2023-04-02,Los Angeles,0.624518687625053,5.339651965364601,83.87304035206164,Rain
2023-04-03,Los Angeles,3.5128112516810983,6.466641057708362,33.62006832722414,Rain
2023-04-04,Los Angeles,16.991689371652665,9.681482002290435,81.93542647423595,Sunny
2023-04-05,Los Angeles,34.27436521116843,8.087592896761882,42.88817742447655,Rain
2023-04-06,Los Angeles,-3.4694082190937925,4.1369201074665956,86.70740119124088,Sunny
2023-04-07,Los Angeles,0.004537916573172929,3.891480243997707,83.61249548323599,Sunny
2023-04-08,Los Angeles,-2.0199706729553046,11.297728212416212,74.94317955049567,Sunny
2023-04-09,Los Angeles,14.678176132175746,16.699157689691976,40.51641655141737,Rain
2023-04-10,Los Angeles,2.9700055593869834,6.068350895091104,61.65969862977083,Rain
2023-04-11,Los Angeles,2.1780956832465748,13.93637168696279,64.63212979168688,Sunny
2023-04-12,Los Angeles,21.204947144430534,5.416441107594689,69.34270965191274,Sunny
2023-04-13,Los Angeles,29.526512892115576,17.318584443106225,42.0718688014766,Rain
2023-04-14,Los Angeles,25.949244330507987,3.043696773608988,87.71294326172462,Snow
2023-04-15,Los Angeles,8.412975841828455,10.180859498345317,89.25321113865282,Snow
2023-04-16,Los Angeles,4.876857899935473,2.2717291042607157,55.794386281493004,Rain
2023-04-17,Los Angeles,-0.6834991035867999,7.657735169282058,82.36175369482034,Snow
2023-04-18,Los Angeles,11.15082984765252,4.2696694587575745,79.74296504457493,Snow
2023-04-19,Los Angeles,29.74532163841957,19.02041985431828,66.98239179902559,Sunny
2023-04-20,Los Angeles,29.313121172043424,3.7239365582996276,81.2025107741782,Snow
2023-04-21,Los Angeles,12.700284240842564,7.452586029709336,64.72054920526601,Sunny
2023-04-22,Los Angeles,26.964258973181487,18.30884067672924,58.595747257898346,Snow
2023-04-23,Los Angeles,8.786115188801125,14.767878675114307,81.0652300792063,Snow
2023-04-24,Los Angeles,12.734550011988404,14.592654599471151,88.10966762252633,Rain
2023-04-25,Los Angeles,22.534254367077114,12.926945342236863,89.34222812770089,Snow
2023-04-26,Los Angeles,20.03609318513879,11.290972729984443,50.12437133383703,Sunny
2023-04-27,Los Angeles,31.388331595790675,5.870510449346362,49.79864644093782,Sunny
2023-04-28,Los Angeles,-1.427561326944593,0.49173418033581884,64.13477239524141,Rain
2023-04-29,Los Angeles,10.622317885868338,11.759991793348458,38.70960701190715,Snow
2023-04-30,Los Angeles,19.843444863756552,3.2082565982633704,70.24938332375942,Sunny
2023-05-01,Los Angeles,18.514918184830055,13.40264028268129,39.068326527339,Rain
2023-05-02,Los Angeles,31.02661285148121,4.999350918673741,61.105818725822346,Snow
2023-05-03,Los Angeles,5.755736007811375,6.625701250602766,37.60259128351967,Sunny
2023-05-04,Los Angeles,32.23718438401822,5.683529142781419,33.852247483030276,Sunny
2023-05-05,Los Angeles,29.304458777433446,1.5383856131617835,38.367344527106624,Snow
2023-05-06,Los Angeles,-1.9893131366076577,5.133044329004699,65.83458222202597,Rain
2023-05-07,Los Angeles,13.518457236236262,8.870779613559561,58.8177968169136,Sunny
2023-05-08,Los Angeles,15.62068065476485,4.19833660804223,83.03799103082818,Snow
2023-05-09,Los Angeles,18.574394160114323,15.87864941478361,52.687244050349335,Rain
2023-05-10,Los Angeles,8.281909625212233,4.052877911455434,70.08143546264279,Snow
2023-05-11,Los Angeles,-1.9956368726211826,7.29356086160654,85.80020933707206,Snow
2023-05-12,Los Angeles,20.617287848765734,8.179967667384016,71.52552049257658,Snow
2023-05-13,Los Angeles,17.048923474259343,14.395763044343388,37.301702698542066,Rain
2023-05-14,Los Angeles,3.281637437995908,3.809794736526362,88.40929760396313,Snow
2023-05-15,Los Angeles,13.954405199908852,2.219589599908942,36.646797296525236,Snow
2023-05-16,Los Angeles,22.69945329395017,13.599296743443485,54.86373099678927,Sunny
2023-05-17,Los Angeles,30.572964181518742,16.062674401660797,76.42888115461551,Rain
2023-05-18,Los Angeles,17.88016191689359,12.302723651908543,52.28502964775954,Sunny
2023-05-19,Los Angeles,27.895874069803376,7.224452092077023,42.046752273965964,Rain
2023-05-20,Los Angeles,30.40870778178646,0.27754044866607375,59.64578104893531,Snow
2023-05-21,Los Angeles,20.740331084130524,2.1351438215022855,35.870226317102734,Rain
2023-05-22,Los Angeles,10.894404541105501,18.335209299817492,49.20831984300535,Rain
2023-05-23,Los Angeles,-4.0170151369479346,11.83348331520956,57.186770856580196,Rain
2023-05-24,Los Angeles,30.544083455224815,13.908233921864834,74.24537147175019,Sunny
2023-05-25,Los Angeles,8.973957118840602,13.323625930659588,57.967715167204666,Snow
2023-05-26,Los Angeles,34.50299621098634,5.874842563406468,87.29747074206631,Sunny
2023-05-27,Los Angeles,2.429127637460704,8.737184973180751,85.73442066135411,Snow
2023-05-28,Los Angeles,-2.788054051165161,1.7500223501444445,37.718387647150756,Snow
2023-05-29,Los Angeles,-0.3298640671390318,8.839950165224874,36.062077571025256,Sunny
2023-05-30,Los Angeles,13.148584783250307,2.1384339661652985,78.07665206497728,Rain
2023-05-31,Los Angeles,-1.6015460791355052,6.049879405758006,69.9602767008547,Sunny
2023-06-01,Los Angeles,32.755015410019965,15.376964278819361,41.11135370584376,Rain
2023-06-02,Los Angeles,-4.592339493136546,17.04760636149439,37.199804877013065,Rain
2023-06-03,Los Angeles,1.0771826766817938,5.749971735804776,74.29479231892148,Snow
2023-06-04,Los Angeles,5.6773602161522785,10.08752399892881,42.13628320148827,Sunny
2023-06-05,Los Angeles,20.589496441335665,5.639027092798412,69.64163780471958,Rain
2023-06-06,Los Angeles,7.382289281675366,7.6656630369902885,54.75090497729787,Sunny
2023-06-07,Los Angeles,0.03458322695978566,0.2915693335720748,60.98074734478353,Rain
2023-06-08,Los Angeles,29.63079061918598,7.577039330449978,36.00012723690093,Rain
2023-06-09,Los Angeles,11.719140308763265,4.015980562361284,72.24848302776749,Rain
2023-06-10,Los Angeles,1.5203633930695748,3.743662302909543,60.45393796264682,Rain
2023-06-11,Los Angeles,20.750539591881527,12.621490834427798,43.62398087941067,Rain
2023-06-12,Los Angeles,5.822065239649055,12.565441088352657,56.708612052462094,Sunny
2023-06-13,Los Angeles,15.361795643016862,13.706630655452763,33.65053102224441,Rain
2023-06-14,Los Angeles,20.038888342365784,8.697745081666717,79.83449543507784,Snow
2023-06-15,Los Angeles,19.57859804602403,7.692271665124311,58.43472747229835,Snow
2023-06-16,Los Angeles,28.659220214979356,1.4941039923670951,71.22197104592267,Rain
2023-06-17,Los Angeles,24.74710304177204,12.118335270676155,47.8757672911919,Snow
2023-06-18,Los Angeles,5.999292293680384,8.058177700516296,83.08634781012775,Snow
2023-06-19,Los Angeles,30.489874989391012,1.8990740692357466,56.38431943584628,Sunny
2023-06-20,Los Angeles,-1.3173149358591063,14.204867358460652,75.92674116863503,Sunny
2023-06-21,Los Angeles,6.133921246265906,7.123498539340312,52.60171826240725,Snow
2023-06-22,Los Angeles,0.2300131642174863,9.219180208398894,49.62871539129053,Snow
2023-06-23,Los Angeles,10.912501187123432,3.906921789536235,58.651338419602126,Sunny
2023-06-24,Los Angeles,-3.1992571201476716,3.927164219390784,55.726372700558684,Sunny
2023-06-25,Los Angeles,9.848184714941134,14.443492798699467,48.77094319674432,Rain
2023-06-26,Los Angeles,1.2292722670626333,18.718724786920642,47.00626014229219,Sunny
2023-06-27,Los Angeles,5.403628626099067,19.87516503931267,35.466467414997844,Snow
2023-06-28,Los Angeles,25.193130187807938,17.389057744925648,44.035897097250064,Snow
2023-06-29,Los Angeles,25.48368660684534,1.4363539273244719,64.70994231261035,Sunny
2023-06-30,Los Angeles,22.94232719223141,2.2580441404253815,69.19729113251697,Snow
2023-07-01,Los Angeles,5.138829095004272,7.828805822536169,45.06913827646396,Snow
2023-07-02,Los Angeles,-4.424859470066171,8.510449874162642,86.63196897473006,Rain
2023-07-03,Los Angeles,9.01356393944059,6.539068040728808,55.61708235235876,Sunny
2023-07-04,Los Angeles,26.171732425262224,19.156710931859692,89.83218790730179,Sunny
2023-07-05,Los Angeles,-1.3129245726053451,9.478643818890703,40.54510457264031,Rain
2023-07-06,Los Angeles,30.909284951054822,2.866818871136756,39.333331792277065,Rain
2023-07-07,Los Angeles,2.403775924847138,8.210593480952287,63.5655912029623,Sunny
2023-07-08,Los Angeles,19.6813532387589,6.150848366420975,78.39748053843239,Snow
2023-07-09,Los Angeles,4.679930140141039,13.433116234214324,76.16060785166584,Snow
2023-07-10,Los Angeles,13.869908850277547,12.05337979673666,79.1240229229694,Snow
2023-07-11,Los Angeles,5.513765939319523,2.1664411682995333,74.76216217250843,Rain
2023-07-12,Los Angeles,29.79619639542156,17.70679320800363,31.285371989199607,Rain
2023-07-13,Los Angeles,23.177429471084004,17.406513915748214,77.80482988500572,Snow
2023-07-14,Los Angeles,24.681833354968298,0.9233062316898177,47.08455581641678,Snow
2023-07-15,Los Angeles,-1.543344140337668,12.818103020983804,58.45563574788417,Sunny
2023-07-16,Los Angeles,-2.453738170764561,4.255892452563977,80.39533054930995,Rain
2023-07-17,Los Angeles,21.022523533667552,2.6187656060394193,57.95721896798392,Rain
2023-07-18,Los Angeles,23.114991126704417,13.405341242457903,71.19009325867256,Rain
2023-07-19,Los Angeles,13.84760431564844,7.368310623827419,35.15035075551308,Sunny
2023-07-20,Los Angeles,22.47866447471321,8.666587258068647,79.48623708799047,Sunny
2023-07-21,Los Angeles,31.585486359865826,2.3370625105351484,32.48090039315948,Rain
2023-07-22,Los Angeles,7.161583708001412,11.607948506173148,54.249913536489686,Snow
2023-07-23,Los Angeles,18.3938364568651,10.862757210015449,63.37356529013353,Rain
2023-07-24,Los Angeles,19.48459330033263,19.764593935970375,46.585771033811525,Sunny
2023-07-25,Los Angeles,25.18231906169436,10.547918243468658,85.1243761421548,Rain
2023-07-26,Los Angeles,4.612498196219157,10.473517697702459,89.86405681890524,Rain
2023-07-27,Los Angeles,30.72949122339989,2.0926880241318457,54.90058995375268,Sunny
2023-07-28,Los Angeles,30.277637557041842,15.389153668816657,36.97465644672682,Snow
2023-07-29,Los Angeles,21.731194233357837,2.7020580126558746,65.08448154064965,Rain
2023-07-30,Los Angeles,1.7103190713544203,17.87103377136376,69.5935218829296,Snow
2023-07-31,Los Angeles,33.890634424534106,19.65736421714133,81.78479993425202,Snow
2023-08-01,Los Angeles,8.053350686944704,3.564368437254255,77.32350615100188,Snow
2023-08-02,Los Angeles,23.91411879366907,0.20782303022873316,81.87859905447004,Rain
2023-08-03,Los Angeles,14.298479365346239,17.164953982683574,70.47690885762117,Rain
2023-08-04,Los Angeles,4.451292706910671,9.962777095859733,48.21654460613955,Sunny
2023-08-05,Los Angeles,4.655226330249601,3.446157914251231,53.09112333860881,Sunny
2023-08-06,Los Angeles,3.327195706946835,2.8899231323931773,81.22517123922567,Sunny
2023-08-07,Los Angeles,33.39650781991535,18.22409483328041,57.27545346098947,Sunny
2023-08-08,Los Angeles,24.819066796869322,11.687823486258416,66.63017613748549,Sunny
2023-08-09,Los Angeles,23.0942099255499,17.39003021177715,69.19223635427188,Snow
2023-08-10,Los Angeles,33.35100086144445,12.832393810334663,47.44715093178404,Snow
2023-08-11,Los Angeles,33.738751516036835,15.25523582677758,61.86071757396019,Rain
2023-08-12,Los Angeles,31.43531842700267,19.632080709754906,68.60169944818148,Sunny
2023-08-13,Los Angeles,-4.041228617819286,13.127702357126383,70.44232255015766,Snow
2023-08-14,Los Angeles,-3.5036047241759016,2.992594207519128,68.14767320165878,Rain
2023-08-15,Los Angeles,29.5634141951638,16.122994846981214,57.53676878832211,Snow
2023-08-16,Los Angeles,8.330462384273174,16.44115880948586,86.492655811379,Snow
2023-08-17,Los Angeles,9.233733049307315,14.92030128262578,48.995560246264375,Sunny
2023-08-18,Los Angeles,11.504708217558758,15.903031702562757,40.899143389409616,Rain
2023-08-19,Los Angeles,30.58893948357199,4.857838791248015,78.60263778470744,Sunny
2023-08-20,Los Angeles,15.150831108116606,5.598090273721916,33.134953270068856,Snow
2023-08-21,Los Angeles,15.077847304225266,11.753037122688433,52.27213201100366,Rain
2023-08-22,Los Angeles,32.47564409101313,0.14307206410347995,42.46023264708932,Snow
2023-08-23,Los Angeles,17.654078457856958,17.8585133734784,84.36112687614354,Rain
2023-08-24,Los Angeles,21.80631849030497,0.2567673672602022,82.35344494870535,Rain
2023-08-25,Los Angeles,18.822969366577293,12.0829864947933,37.7499836244275,Rain
2023-08-26,Los Angeles,16.87847192407977,7.563807794811705,63.7882152987129,Sunny
2023-08-27,Los Angeles,-1.6432842319431584,19.259882568093317,40.33342842937326,Snow
2023-08-28,Los Angeles,11.405288260729574,16.044563408608226,32.79712194805159,Snow
2023-08-29,Los Angeles,14.581030222573848,19.454763911863974,68.47581769805542,Sunny
2023-08-30,Los Angeles,12.418376653363442,2.3864093031941747,64.88180695299287,Rain
2023-08-31,Los Angeles,19.57585133230236,19.76261790144584,51.15467547163964,Sunny
2023-09-01,Los Angeles,-0.7866180497335984,7.140789219076973,52.32134518612416,Sunny
2023-09-02,Los Angeles,31.37979827844032,2.810723093403138,37.74142819076517,Sunny
2023-09-03,Los Angeles,5.537833071232683,5.547687645582551,70.0919079355027,Sunny
2023-09-04,Los Angeles,-2.085676853086822,19.60503116813704,72.24403534967327,Sunny
2023-09-05,Los Angeles,5.458500487739286,3.4738375874044736,33.553342323820104,Rain
2023-09-06,Los Angeles,-2.344353949505118,13.619860908886281,79.32883597822025,Snow
2023-09-07,Los Angeles,11.77319656367192,10.488331915031143,66.3514080855758,Sunny
2023-09-08,Los Angeles,30.293438384399742,1.003238343331485,37.03515928362659,Snow
2023-09-09,Los Angeles,20.10339693309538,11.785367638271405,51.93385166515656,Rain
2023-09-10,Los Angeles,-3.862729783732801,17.017411140222745,75.77694018389506,Rain
2023-09-11,Los Angeles,10.585567272324319,10.080957666981693,87.85735754931898,Rain
2023-09-12,Los Angeles,-0.03380353676081693,11.154624128614481,47.63472201114459,Rain
2023-09-13,Los Angeles,3.632769189467302,19.878403078416216,81.14653559052927,Rain
2023-09-14,Los Angeles,23.682749494943035,11.759004110884849,30.061508902171436,Rain
2023-09-15,Los Angeles,0.27201449406730305,19.395052241335723,53.68666765324142,Sunny
2023-09-16,Los Angeles,29.70099927381041,16.025482348154753,46.192469625279514,Rain
2023-09-17,Los Angeles,28.205748999498383,17.58114200859243,83.184957325486,Sunny
2023-09-18,Los Angeles,16.286971621062754,9.472214422545427,30.228074433386883,Sunny
2023-09-19,Los Angeles,25.826154335169335,17.92161978609427,40.11838954068839,Snow
2023-09-20,Los Angeles,11.873285662369575,12.350633993827266,75.72550206445725,Rain
2023-09-21,Los Angeles,29.311997641776543,0.480651108187371,46.25234755072396,Sunny
2023-09-22,Los Angeles,21.081084332361748,2.3096949033913994,50.70086720108154,Rain
2023-09-23,Los Angeles,25.608853451308565,11.457402544764793,34.516703349314625,Snow
2023-09-24,Los Angeles,19.775676907287764,7.749796017396178,78.641036851617,Rain
2023-09-25,Los Angeles,0.06437285135534765,5.170059761582304,77.4579246759052,Snow
2023-09-26,Los Angeles,5.407282999225034,6.882850591992538,81.8051435070229,Rain
2023-09-27,Los Angeles,34.870783812928764,6.48545791040084,70.30820560723944,Rain
2023-09-28,Los Angeles,9.272062321502341,16.577890262530424,79.25523586703326,Sunny
2023-09-29,Los Angeles,6.53563594727685,1.4154881633951422,40.58918558187578,Snow
2023-09-30,Los Angeles,7.3451671142141794,11.830763099939535,83.2315720436431,Snow
2023-10-01,Los Angeles,27.17044529892887,16.189318720534217,31.408378612112873,Rain
2023-10-02,Los Angeles,11.939698310940145,15.09678397658966,87.78296000849673,Sunny
2023-10-03,Los Angeles,22.795925517743125,3.0137117681218695,71.75157751109757,Rain
2023-10-04,Los Angeles,19.488385918587664,10.37825137306996,59.324057849890934,Rain
2023-10-05,Los Angeles,16.056088284215416,3.950903541852322,79.73707824548447,Rain
2023-10-06,Los Angeles,11.625396538469364,1.8995298194480403,68.0681816091145,Snow
2023-10-07,Los Angeles,21.0823547820604,8.315389563586024,84.43907037098052,Snow
2023-10-08,Los Angeles,12.596070716444984,10.566889822844775,52.069939909880404,Sunny
2023-10-09,Los Angeles,13.773477865212868,2.599117980232335,30.074072993936667,Sunny
2023-10-10,Los Angeles,11.478591156221615,19.655800576984767,84.80093939282523,Rain
2023-10-11,Los Angeles,5.699859582101876,19.274417519569326,61.81056234426488,Snow
2023-10-12,Los Angeles,26.599332762138438,9.731443899836021,30.316224615300825,Rain
2023-10-13,Los Angeles,4.795386501739003,18.287877247916683,50.0675238019556,Sunny
2023-10-14,Los Angeles,25.18592071365575,10.655038941859786,31.084482608050983,Rain
2023-10-15,Los Angeles,5.123608435351464,16.834337442259336,38.06076780288114,Snow
2023-10-16,Los Angeles,5.032881307496734,15.38896130310343,44.81008927080066,Sunny
2023-10-17,Los Angeles,27.772896504333644,10.541174816622936,78.38498626039274,Rain
2023-10-18,Los Angeles,26.51871727358391,13.392708961449502,57.712847868858354,Rain
2023-10-19,Los Angeles,12.703301235681216,5.907006834721531,32.08082222705528,Sunny
2023-10-20,Los Angeles,4.808958221640323,16.38384381219708,84.36872208596506,Snow
2023-10-21,Los Angeles,27.168302376997126,7.230702843982324,76.40940975378767,Sunny
2023-10-22,Los Angeles,3.461200188919875,14.240269392226168,61.280670871002364,Snow
2023-10-23,Los Angeles,1.3369879917298944,3.72376783936897,44.54322645578337,Snow
2023-10-24,Los Angeles,4.424244252905396,17.77991051300534,53.59491190258393,Snow
2023-10-25,Los Angeles,19.080042699561336,14.115365261822197,55.2676573518643,Rain
2023-10-26,Los Angeles,28.42505885267866,2.0146846108788474,47.10546105348452,Sunny
2023-10-27,Los Angeles,17.737253440357996,4.8867707221894285,42.983462363990554,Sunny
2023-10-28,Los Angeles,32.332312668202185,11.507713587472256,39.17489421945241,Snow
2023-10-29,Los Angeles,30.21862303278094,6.331670883608358,36.809276994987144,Rain
2023-10-30,Los Angeles,24.43280428956865,11.660963174024989,88.50414845365731,Sunny
2023-10-31,Los Angeles,29.773001799025145,17.076367040320942,45.51003090740092,Sunny
2023-11-01,Los Angeles,1.4631786814880021,10.012902041091555,76.19868041153552,Rain
2023-11-02,Los Angeles,28.119005289414538,4.088071002465108,55.01510635175991,Rain
2023-11-03,Los Angeles,5.625958796654395,5.990033856559922,32.52136087210035,Sunny
2023-11-04,Los Angeles,-2.5498961298375145,1.357511951583814,64.79879602450683,Snow
2023-11-05,Los Angeles,1.3526698693715389,2.738103640722238,73.89782221073945,Sunny
2023-11-06,Los Angeles,-0.7495431510441231,0.290422552056917,48.36122080434223,Sunny
2023-11-07,Los Angeles,2.3564528014469976,8.137978617585258,46.100644945846206,Snow
2023-11-08,Los Angeles,26.22798553382747,11.211110598245465,68.7181500233151,Snow
2023-11-09,Los Angeles,24.733323328596022,2.7035540415151837,59.869582123949755,Snow
2023-11-10,Los Angeles,8.48064183967658,7.749243959215617,85.33955683978925,Sunny
2023-11-11,Los Angeles,33.371712485050935,14.75894432274011,44.70897599487877,Snow
2023-11-12,Los Angeles,23.578318589727676,19.542652108591195,78.17758224580186,Rain
2023-11-13,Los Angeles,6.666076328005657,16.101635374058752,65.18529509434714,Sunny
2023-11-14,Los Angeles,4.587117014812181,9.571418287095314,33.25700525619905,Snow
2023-11-15,Los Angeles,6.880198714372682,19.525225352846984,59.89109787357814,Rain
2023-11-16,Los Angeles,27.48273132822169,14.794346030364595,81.67331142062923,Sunny
2023-11-17,Los Angeles,-2.4206272077370494,9.155088554283422,37.25404093785284,Rain
2023-11-18,Los Angeles,21.232238832107335,9.070368230175475,68.73602933165662,Snow
2023-11-19,Los Angeles,24.297924903808138,12.872077427828831,63.877502720870105,Rain
2023-11-20,Los Angeles,5.648466434478019,9.472531572184948,61.65082885709987,Rain
2023-11-21,Los Angeles,15.26829016876868,9.571607103014212,52.49404437876563,Sunny
2023-11-22,Los Angeles,-2.545268070280815,18.457243229998177,48.19026504591076,Sunny
2023-11-23,Los Angeles,5.1067022561855335,1.997436905785741,36.75858393734487,Snow
2023-11-24,Los Angeles,24.488839143018268,12.462809112366555,52.7975160313417,Snow
2023-11-25,Los Angeles,22.181163763904376,12.41900750860408,53.580486430084164,Sunny
2023-11-26,Los Angeles,6.661455074546616,16.640442950339057,73.0113383952297,Sunny
2023-11-27,Los Angeles,20.289336943402134,3.5025768963102366,70.02874910648308,Sunny
2023-11-28,Los Angeles,8.186093707458575,17.760659529952814,54.947718615689666,Snow
2023-11-29,Los Angeles,14.158441888289403,17.104915088275778,34.54747729679138,Rain
2023-11-30,Los Angeles,13.547975457559474,10.645021599763592,48.77038042671812,Rain
2023-12-01,Los Angeles,21.36567599617095,14.999593561157498,75.60602514260674,Rain
2023-12-02,Los Angeles,8.371337626527069,13.179962963926307,46.798504519949006,Rain
2023-12-03,Los Angeles,8.59137968744697,19.978762280953482,74.05510810712802,Sunny
2023-12-04,Los Angeles,4.0611988051762715,11.91863967563223,32.71968969186975,Snow
2023-12-05,Los Angeles,27.590166370085022,1.484449360970097,57.29480126377469,Snow
2023-12-06,Los Angeles,24.821701456999726,3.2459589679750933,50.781419981457276,Snow
2023-12-07,Los Angeles,32.258053287904495,11.457773035629582,59.32993091992994,Rain
2023-12-08,Los Angeles,17.094934086962688,9.362317597787438,43.98878573368408,Sunny
2023-12-09,Los Angeles,33.07419714145071,15.387688454036253,47.71526888326793,Snow
2023-12-10,Los Angeles,-0.25867642104177246,2.524028692232938,66.18695493551182,Snow
2023-12-11,Los Angeles,16.196121609462566,15.992876618745361,33.79198201771808,Sunny
2023-12-12,Los Angeles,6.2696239830350144,12.1197953392032,79.68636440958898,Snow
2023-12-13,Los Angeles,8.330000317912777,1.5243734252205354,70.41869247452833,Snow
2023-12-14,Los Angeles,33.182643165364524,12.579730370924727,81.4098823733023,Sunny
2023-12-15,Los Angeles,20.34066669495306,9.031486940595343,59.06169416987991,Sunny
2023-12-16,Los Angeles,9.720248683314544,14.350461644572924,44.634866393398326,Snow
2023-12-17,Los Angeles,33.449749596628685,13.909269825937393,45.454830621189714,Rain
2023-12-18,Los Angeles,31.19005737552495,5.1763233987733575,66.62916781282746,Sunny
2023-12-19,Los Angeles,6.168623887786552,15.34482772273041,62.602620976133664,Sunny
2023-12-20,Los Angeles,30.591804674212646,0.32160971526682625,50.71878053599974,Sunny
2023-12-21,Los Angeles,7.252805291752402,10.631324103350426,32.955982632849825,Rain
2023-12-22,Los Angeles,4.821084297814725,4.549581269937352,59.46832343161576,Snow
2023-12-23,Los Angeles,-4.374879541808401,1.5048947899305243,63.72302199199299,Snow
2023-12-24,Los Angeles,13.210972581205446,13.687459635582753,74.01498739777918,Snow
2023-12-25,Los Angeles,15.559027914739183,1.5562474300074625,47.08788875963019,Snow
2023-12-26,Los Angeles,25.89250966471434,0.4228113123895194,70.95852202493137,Snow
2023-12-27,Los Angeles,15.58409170462799,2.361855030356874,67.08860625118461,Snow
2023-12-28,Los Angeles,31.698397293983277,16.711761032576746,37.01545014753296,Sunny
2023-12-29,Los Angeles,17.933851518430174,12.073487561181121,56.67340795753228,Rain
2023-12-30,Los Angeles,18.527746887489563,6.105137642487753,34.58362499250101,Rain
2023-12-31,Los Angeles,4.985708378833573,3.39278935262026,50.23420402624804,Snow
2023-01-01,Chicago,21.03062259682065,7.209188465483005,32.34255258518709,Rain
2023-01-02,Chicago,23.217649478474172,17.520304970759803,83.6802433900418,Sunny
2023-01-03,Chicago,28.363678279408482,3.4895647103755656,63.22586266097246,Rain
2023-01-04,Chicago,6.20309788215617,2.7904240993235208,78.64662612582556,Rain
2023-01-05,Chicago,24.76287990926318,7.320474567493768,60.480869126919885,Rain
2023-01-06,Chicago,1.9936869809207147,11.455517454946767,73.20171798440394,Snow
2023-01-07,Chicago,32.93511528245038,17.958253746206164,30.12603588824553,Rain
2023-01-08,Chicago,17.717589932920724,0.6715781241088403,72.70196666124441,Snow
2023-01-09,Chicago,11.393127303083492,1.5875098433748591,59.94430535127741,Snow
2023-01-10,Chicago,22.88066037346024,15.708590999413818,34.94736116814802,Snow
2023-01-11,Chicago,28.31653178739981,8.916181412701716,59.64476597739335,Sunny
2023-01-12,Chicago,21.70366347634117,1.6610786907602249,55.665276302049726,Snow
2023-01-13,Chicago,7.579221723134122,17.346586173557995,32.1617509744444,Rain
2023-01-14,Chicago,11.267609039680266,8.648668633303584,60.49476559710055,Snow
2023-01-15,Chicago,-3.954426092332275,4.4234515118062,82.2301911070687,Rain
2023-01-16,Chicago,12.905976757728702,16.00295859202115,48.07842163478493,Snow
2023-01-17,Chicago,17.283527751645245,4.986312136612785,59.64181904208478,Sunny
2023-01-18,Chicago,15.444546775427924,3.4503325433975407,31.388106169091504,Snow
2023-01-19,Chicago,33.861742575090034,12.864216806118698,31.13231959205299,Snow
2023-01-20,Chicago,34.66359475769177,4.2695846553321,35.74616671670317,Sunny
2023-01-21,Chicago,6.471072676083098,4.784719096538266,73.13518668314782,Snow
2023-01-22,Chicago,0.9120899544683825,10.60230032207082,76.70099333957543,Sunny
2023-01-23,Chicago,17.373187127088272,18.505954104719443,42.43798594064421,Sunny
2023-01-24,Chicago,-2.9973965204625275,17.732747693313627,73.59156891900545,Rain
2023-01-25,Chicago,18.239283664011122,8.494134362919448,64.39760877637679,Snow
2023-01-26,Chicago,14.239883730591334,1.612122927027464,52.2940582195106,Snow
2023-01-27,Chicago,4.589648321790488,7.061932479573696,53.55220084192456,Snow
2023-01-28,Chicago,6.58674024072349,10.176196708127863,36.996055089707205,Sunny
2023-01-29,Chicago,-3.9494045518591525,19.721011026891137,60.448399919328196,Snow
2023-01-30,Chicago,-3.0657845356453617,0.3667082503746255,75.36893618888902,Sunny
2023-01-31,Chicago,7.502380681739655,15.581646928559405,64.15383308760289,Sunny
2023-02-01,Chicago,-0.3143832878208075,13.27291581572883,53.70253114313704,Snow
2023-02-02,Chicago,6.540969935457257,5.313023054191945,54.06253044235831,Snow
2023-02-03,Chicago,11.028684853420167,6.079748901332942,54.85458604328578,Sunny
2023-02-04,Chicago,11.183602847698904,6.3679990049968405,57.7787088790113,Sunny
2023-02-05,Chicago,33.94848206303971,16.662344657906672,73.66975665015973,Sunny
2023-02-06,Chicago,30.856011221840426,13.093492229941074,37.809736698048916,Snow
2023-02-07,Chicago,30.289314906574212,8.207250703031384,85.39892100629427,Snow
2023-02-08,Chicago,8.714841211731525,9.364548538675495,68.26025765582396,Sunny
2023-02-09,Chicago,8.104145692211482,1.1674490035389584,50.053692422346174,Rain
2023-02-10,Chicago,6.869862798438199,6.224455410064573,72.55092122942699,Snow
2023-02-11,Chicago,21.115183000263404,4.8842914259063175,74.71408222547585,Snow
2023-02-12,Chicago,2.046297660199836,12.865042433037841,84.18148840450479,Sunny
2023-02-13,Chicago,22.517033436750786,5.583694855288954,46.27486472296002,Snow
2023-02-14,Chicago,2.343065695444735,4.40433350859019,48.41867976331855,Snow
2023-02-15,Chicago,6.338062153761999,14.303638621305769,53.76708655273635,Rain
2023-02-16,Chicago,-4.094902035936694,18.683047739529222,79.59864866834661,Snow
2023-02-17,Chicago,-2.4190140757659995,11.188941509028592,88.8444700102041,Snow
2023-02-18,Chicago,14.466383110062708,6.541859867722055,83.37830485925267,Sunny
2023-02-19,Chicago,6.238047984072246,4.473741670139297,47.763991730264934,Rain
2023-02-20,Chicago,25.943736585547672,9.269282136425891,53.27780239347196,Snow
2023-02-21,Chicago,19.031875359913588,12.356073266608634,39.60267608531869,Rain
2023-02-22,Chicago,21.007560939529807,2.4057818156864896,89.87072719540835,Rain
2023-02-23,Chicago,-2.9959409181908825,16.989787034295134,83.61277439642149,Sunny
2023-02-24,Chicago,8.413111729194851,0.04773398950205898,34.291588379833186,Rain
2023-02-25,Chicago,14.139299455205968,16.6255942417493,72.55924697892144,Sunny
2023-02-26,Chicago,25.511034229441613,17.924391494836897,48.98962364917771,Sunny
2023-02-27,Chicago,21.942565560806862,2.2669942005301946,53.94218874957195,Snow
2023-02-28,Chicago,10.613067681246907,5.037644336722424,61.163924932842065,Rain
2023-03-01,Chicago,10.18602637987209,4.927103620091781,64.81405855742075,Snow
2023-03-02,Chicago,-3.676066175015631,5.931313889765677,54.08827372331871,Rain
2023-03-03,Chicago,-0.7204491428038651,14.209626243756066,40.10562198694984,Rain
2023-03-04,Chicago,-1.5020343256188573,15.0698484469428,43.69514727460993,Sunny
2023-03-05,Chicago,6.110968679653315,18.476645033689692,83.1582806703916,Rain
2023-03-06,Chicago,21.857531167097704,16.097928392523507,58.141343833694954,Sunny
2023-03-07,Chicago,24.15170666237352,13.448946907458112,75.00665874646799,Rain
2023-03-08,Chicago,29.063844890697908,5.005878192928881,55.82827286102609,Sunny
2023-03-09,Chicago,15.934678487505476,7.567491817494236,74.51320344778092,Rain
2023-03-10,Chicago,34.43961028341859,19.889893712406863,48.49444708565426,Sunny
2023-03-11,Chicago,12.962718611494939,15.24643111828775,83.86824119456045,Snow
2023-03-12,Chicago,10.461074403203202,9.849631636097378,68.44151165558063,Rain
2023-03-13,Chicago,-1.4286948723264548,9.757927951993866,70.42469485087695,Rain
2023-03-14,Chicago,25.443890462096682,4.747233474148381,30.242271609470542,Rain
2023-03-15,Chicago,20.022274302142495,14.789816458982513,81.17858574867878,Rain
2023-03-16,Chicago,26.321129867874454,7.935138597862603,35.29165108371992,Rain
2023-03-17,Chicago,19.664101277150124,19.323096854406742,34.1239757800739,Rain
2023-03-18,Chicago,24.02800904299406,11.747960451721616,89.74854757429037,Snow
2023-03-19,Chicago,4.541460080308806,8.356178529317253,54.236765689919956,Snow
2023-03-20,Chicago,0.11502907380956717,15.590279587591517,85.72458005121737,Sunny
2023-03-21,Chicago,31.504375639187202,8.16357781680276,82.08818771088642,Sunny
2023-03-22,Chicago,13.502734236439316,4.25455492425365,49.103264834958495,Snow
2023-03-23,Chicago,23.61992345694307,15.282458545855022,72.12364587725484,Snow
2023-03-24,Chicago,9.10900247984543,8.992273480127107,47.453460985152354,Sunny
2023-03-25,Chicago,16.079218807261455,14.623455704624138,43.71467153161408,Rain
2023-03-26,Chicago,13.406987610564315,4.7927818569379665,32.68086544247064,Snow
2023-03-27,Chicago,6.966410401995656,9.954411148256,52.887855273428656,Rain
2023-03-28,Chicago,5.703763405804882,12.725435900533622,52.922537056739856,Rain
2023-03-29,Chicago,19.618329839199987,19.568865315857504,75.3200331951382,Snow
2023-03-30,Chicago,-3.4004981776110554,18.13335322636504,56.026651573903685,Snow
2023-03-31,Chicago,15.204041453782928,13.482715295547747,44.21230762423504,Rain
2023-04-01,Chicago,29.29340263613237,17.813067088871534,77.52591628828125,Sunny
2023-04-02,Chicago,29.848927672987834,3.695669724860926,66.58202185154967,Snow
2023-04-03,Chicago,-3.450328720143645,4.572303357329773,89.7774449542908,Sunny
2023-04-04,Chicago,32.322103134069906,5.22187656790686,79.55936647197979,Snow
2023-04-05,Chicago,3.1490639587957716,16.2241040759999,68.8244123091244,Sunny
2023-04-06,Chicago,34.12071708263076,2.8354900136812478,38.56337893533845,Snow
2023-04-07,Chicago,-1.8903050397677568,1.5548806717899821,79.59703553646989,Rain
2023-04-08,Chicago,3.41149504157789,13.041181596448656,44.02244207967929,Snow
2023-04-09,Chicago,19.26320079116854,4.860661227240035,36.516877376242064,Snow
2023-04-10,Chicago,12.752690428040523,15.420254942299891,80.64176312297354,Snow
2023-04-11,Chicago,15.41024240045192,15.55915272186988,65.45719207849389,Rain
2023-04-12,Chicago,26.44959712147983,15.246766530531652,65.30499320095178,Rain
2023-04-13,Chicago,21.767061366936773,5.233989316920688,30.315018116462742,Snow
2023-04-14,Chicago,17.064606532699635,15.372132841311206,75.54059241198658,Snow
2023-04-15,Chicago,2.3938262510315322,12.849866488357458,53.67253062866553,Rain
2023-04-16,Chicago,25.63309480140922,10.79454100468627,81.20788755176278,Sunny
2023-04-17,Chicago,6.855065771145288,9.866425148098186,82.09366501372398,Snow
2023-04-18,Chicago,30.213755063229407,5.206869741982261,42.93661403070058,Snow
2023-04-19,Chicago,16.274656109356584,13.996253417547418,44.16400484853055,Sunny
2023-04-20,Chicago,-1.7100066593409924,19.14004096980546,77.09819252792954,Rain
2023-04-21,Chicago,22.633449471677586,13.510019814264432,72.39707298220904,Snow
2023-04-22,Chicago,2.61401572528956,15.166242515638206,45.196424365558414,Snow
2023-04-23,Chicago,0.7057754333858401,16.861038288477378,73.92444723061162,Rain
2023-04-24,Chicago,23.765322356960258,1.6397819495625243,80.67915088763048,Snow
2023-04-25,Chicago,-4.120927686869682,18.273221071551735,39.01734341112055,Rain
2023-04-26,Chicago,17.078281264490613,5.22958125060764,78.6846148019528,Sunny
2023-04-27,Chicago,24.893082743741246,18.42280414112227,74.79933101668274,Rain
2023-04-28,Chicago,1.8362429768216382,8.602956203817303,57.1092434514253,Sunny
2023-04-29,Chicago,11.055114455771484,19.121796503279008,68.12712518064126,Snow
2023-04-30,Chicago,14.072503242777007,2.982572266339525,46.843006244522925,Rain
2023-05-01,Chicago,25.18071470413224,14.047522931159335,82.80061052372682,Snow
2023-05-02,Chicago,-1.0787520804083117,5.09207262950577,47.64277537701685,Sunny
2023-05-03,Chicago,8.685698599137615,11.933781761921928,74.4441218002901,Rain
2023-05-04,Chicago,-1.3286392229761823,3.285426665480964,45.07137644765848,Rain
2023-05-05,Chicago,20.76668620733226,9.345571397925024,51.84293324828795,Rain
2023-05-06,Chicago,-3.5773602500016555,10.36438386807365,62.60251029378931,Rain
2023-05-07,Chicago,-3.8847904335590044,15.255132657717168,66.3339308193226,Sunny
2023-05-08,Chicago,26.58367610362914,13.55085369130402,41.48478857359015,Rain
2023-05-09,Chicago,19.910831844524214,8.852288063709715,76.2758263754915,Sunny
2023-05-10,Chicago,25.342276041702718,4.48385659535909,41.9427439861533,Rain
2023-05-11,Chicago,3.085254452489572,4.703784768572894,38.52111366811678,Snow
2023-05-12,Chicago,10.900843622805866,2.7899433793678674,56.67093617295769,Sunny
2023-05-13,Chicago,34.56534611430118,7.972672004642556,39.82466750761958,Sunny
2023-05-14,Chicago,29.294065745881987,2.3592934342354033,86.03496149528644,Sunny
2023-05-15,Chicago,24.27585348949576,16.20028199611142,37.5018445215768,Snow
2023-05-16,Chicago,6.041213361105825,19.727246447117967,87.04296277446741,Rain
2023-05-17,Chicago,-2.6377671466273833,15.29231196466154,66.27543809155088,Rain
2023-05-18,Chicago,6.47765381478818,18.707642299869295,74.74398053619691,Rain
2023-05-19,Chicago,26.696148884656978,10.457664702188485,84.41265810912984,Snow
2023-05-20,Chicago,-3.870952855312919,7.200895386358448,37.498248328143575,Snow
2023-05-21,Chicago,25.4712810983628,14.35740448349546,65.20170296024642,Sunny
2023-05-22,Chicago,32.87855735562772,8.895594091853642,79.74975199813734,Rain
2023-05-23,Chicago,14.77425588365223,11.056244357045282,45.26588395501424,Snow
2023-05-24,Chicago,26.437580217290787,13.909825073704118,79.84494953928655,Rain
2023-05-25,Chicago,19.124884013384126,10.075545498347303,66.82855866303734,Rain
2023-05-26,Chicago,22.864290158533713,9.661093733854884,84.47777850894417,Rain
2023-05-27,Chicago,1.6982903512012903,0.010243303822703442,82.94656947877156,Snow
2023-05-28,Chicago,0.538642594535812,0.9619463426768249,33.71775639938236,Sunny
2023-05-29,Chicago,6.39456969266651,12.959180615160253,75.53096825873166,Snow
2023-05-30,Chicago,-2.7146035200020346,13.694878730602227,58.17230979476338,Sunny
2023-05-31,Chicago,3.5030380232709035,18.553338019434783,37.375089911058545,Snow
2023-06-01,Chicago,19.209314588778653,1.1979376494090666,30.481829287764466,Snow
2023-06-02,Chicago,9.445493548643258,1.231874696048647,67.24751761925219,Rain
2023-06-03,Chicago,1.1205066668643848,14.73530082703683,40.83988761269648,Rain
2023-06-04,Chicago,21.178007848875833,9.94406571092288,51.62585895826395,Rain
2023-06-05,Chicago,10.07506262767054,15.956679998157043,33.338658459002396,Sunny
2023-06-06,Chicago,26.036316921233997,6.584312174349456,81.51256112721768,Sunny
2023-06-07,Chicago,32.74318013638097,13.033017636366157,83.79481639093996,Sunny
2023-06-08,Chicago,21.874320656374813,6.7964343891653805,37.047872476055055,Sunny
2023-06-09,Chicago,9.59180643860904,1.2955466750194145,32.784071345820095,Rain
2023-06-10,Chicago,-3.571961865267954,16.331786501578854,35.17294307529301,Sunny
2023-06-11,Chicago,6.559152500152749,6.169966430331256,47.23323500127786,Sunny
2023-06-12,Chicago,2.3193886979098144,8.680716979710885,45.16931773048413,Rain
2023-06-13,Chicago,21.111453745663695,9.68201402455032,41.91183857003092,Snow
2023-06-14,Chicago,16.606589174858435,15.22388468467663,81.13110117564258,Snow
2023-06-15,Chicago,10.480074644765782,17.708889378476126,32.784567630371605,Snow
2023-06-16,Chicago,6.932860715943212,18.725827311035715,42.843016735927705,Snow
2023-06-17,Chicago,25.03061510748408,6.011361688721801,53.57736983947506,Rain
2023-06-18,Chicago,17.954467647693335,7.414331890811319,52.662109477603394,Rain
2023-06-19,Chicago,34.57317739542177,7.13024151996601,80.79772837140047,Sunny
2023-06-20,Chicago,25.052485076984823,7.845357910181918,58.622120772203715,Snow
2023-06-21,Chicago,0.49904679691330944,9.31183006998131,56.18386715084127,Sunny
2023-06-22,Chicago,26.127176795739096,15.114518715684772,72.85144322970761,Sunny
2023-06-23,Chicago,3.2128159846232975,12.464130449849996,73.66567133717118,Rain
2023-06-24,Chicago,2.115297719401883,0.017705496219404537,86.96635307812427,Snow
2023-06-25,Chicago,6.873297755326192,6.095932804582955,43.68527238603586,Sunny
2023-06-26,Chicago,6.846669260367083,4.4121931651061015,84.27807835437385,Snow
2023-06-27,Chicago,32.286527850790215,3.7749406232910543,33.43473070366762,Rain
2023-06-28,Chicago,28.835299483192735,6.186655446465745,33.314125052239525,Sunny
2023-06-29,Chicago,0.9460294323364282,11.818742710712344,53.65369702584519,Sunny
2023-06-30,Chicago,32.61560681077743,6.863521440139079,33.892443235926415,Rain
2023-07-01,Chicago,-3.912531287408725,2.1445163459074457,36.05255915039366,Snow
2023-07-02,Chicago,0.2500007572530816,15.16386812367676,32.361452820158256,Snow
2023-07-03,Chicago,11.537153643231118,6.952255238485465,67.49526441818604,Snow
2023-07-04,Chicago,21.818377673868756,11.416765436001228,57.8687648660207,Snow
2023-07-05,Chicago,13.678344584548224,5.464629729135522,54.86611514785909,Sunny
2023-07-06,Chicago,32.00101850728263,0.34556015597234646,68.54053807689436,Rain
2023-07-07,Chicago,32.949239035787265,6.834477680162996,61.49724040548797,Snow
2023-07-08,Chicago,34.775656392321764,2.721654524577539,55.48334541890903,Sunny
2023-07-09,Chicago,1.852986971508348,12.517605524712852,53.82779093820044,Sunny
2023-07-10,Chicago,33.978299704629805,15.107651325926902,40.343385621266094,Snow
2023-07-11,Chicago,20.27840568219588,9.012649707289103,89.61657706411012,Sunny
2023-07-12,Chicago,18.39703055948037,10.53212705176399,87.04048731415142,Sunny
2023-07-13,Chicago,16.48309536152752,9.826743369347817,50.305413693757856,Snow
2023-07-14,Chicago,2.1355501564110346,1.0555333139942924,50.30670076350115,Sunny
2023-07-15,Chicago,24.409192354839618,16.37909554365163,63.32096335346503,Sunny
2023-07-16,Chicago,-3.134540741404046,3.73883661296617,79.15999249859459,Snow
2023-07-17,Chicago,16.82096308589842,15.945355344380276,34.82206738984693,Sunny
2023-07-18,Chicago,32.33350082698738,8.220887319474855,82.3142589419254,Snow
2023-07-19,Chicago,26.05241331542585,4.919178753995848,75.22414480835053,Sunny
2023-07-20,Chicago,27.581441171397344,16.206151125519412,87.22695792484586,Rain
2023-07-21,Chicago,14.646960959463723,13.648454044433198,57.579701472556664,Rain
2023-07-22,Chicago,25.019303900204886,13.439001808530865,53.77790193447167,Sunny
2023-07-23,Chicago,8.044932580392473,12.415939020885409,50.03272660421305,Rain
2023-07-24,Chicago,31.147652255876707,17.98475561340047,44.826933081676756,Snow
2023-07-25,Chicago,13.982184219973448,19.52639173106858,41.63604182974738,Sunny
2023-07-26,Chicago,15.840816563164992,2.6332443033879427,36.21709942562228,Snow
2023-07-27,Chicago,16.479536039950137,14.582384637754657,69.06880966959002,Sunny
2023-07-28,Chicago,13.835775871574711,10.088597128029626,67.62723519588849,Rain
2023-07-29,Chicago,29.529780190621736,0.7613345123392645,47.82887261418337,Rain
2023-07-30,Chicago,33.51534278244438,10.56538016305063,37.58259050541298,Sunny
2023-07-31,Chicago,21.11186301347749,3.5953032103592886,61.05501639391501,Snow
2023-08-01,Chicago,26.945577007130076,12.54180794040531,47.25825866072354,Snow
2023-08-02,Chicago,27.524549697282424,3.5296574842109862,76.76646955880591,Snow
2023-08-03,Chicago,-4.638665032632132,3.502567644007333,81.0684981620416,Sunny
2023-08-04,Chicago,23.27390643570893,2.8679975120333956,86.63178803399745,Snow
2023-08-05,Chicago,20.52206766243782,1.3126472644667442,81.45547668884322,Rain
2023-08-06,Chicago,23.44665228801305,12.312112390593722,33.4202433928709,Snow
2023-08-07,Chicago,23.821205050281726,16.416868077353506,72.05993337354897,Sunny
2023-08-08,Chicago,18.685713572554775,2.1575758215060237,62.08060300888128,Sunny
2023-08-09,Chicago,29.24721566831245,9.91450385946499,31.17575335846823,Rain
2023-08-10,Chicago,26.768532571127984,11.308460879911546,66.38079623112793,Snow
2023-08-11,Chicago,29.38290132035157,13.113821495410182,43.226484980873096,Rain
2023-08-12,Chicago,15.03040061324726,19.493666519877856,54.11167116964731,Rain
2023-08-13,Chicago,21.17635796003226,13.828213683602407,34.157735564190276,Snow
2023-08-14,Chicago,26.463100088596143,16.104661975776533,53.047929977729,Snow
2023-08-15,Chicago,12.299141582040928,1.6678710636259142,32.54342575199918,Rain
2023-08-16,Chicago,2.7389923625017687,1.2141445939296114,59.088568901383155,Rain
2023-08-17,Chicago,10.127008668603516,15.632890655907762,68.04006075566552,Sunny
2023-08-18,Chicago,17.65881637585265,3.485574848122963,60.823221930199125,Sunny
2023-08-19,Chicago,16.444053460825664,9.346935160161639,71.72500048108743,Rain
2023-08-20,Chicago,29.30788264027614,10.369929742218682,38.95469210867593,Snow
2023-08-21,Chicago,8.424266358920814,19.81834244990232,56.95785945294794,Rain
2023-08-22,Chicago,23.401225335541753,4.720846428444032,41.97655400796909,Rain
2023-08-23,Chicago,-4.78644236785756,11.159404837645363,37.84880475869361,Rain
2023-08-24,Chicago,23.285960151213253,16.019919226010998,54.64138292177781,Snow
2023-08-25,Chicago,-2.2285772394971604,13.60985209898212,35.34211885949108,Snow
2023-08-26,Chicago,25.332523712347626,0.030225627102329344,47.1681059353556,Snow
2023-08-27,Chicago,20.295968796378713,19.437486323937883,54.29657701869748,Snow
2023-08-28,Chicago,9.647714623522074,17.986213962676313,41.626927957456815,Rain
2023-08-29,Chicago,10.914109537660067,2.0559905661276856,80.75428956067034,Rain
2023-08-30,Chicago,0.4156425290455301,4.73253846421013,50.10100719759404,Sunny
2023-08-31,Chicago,1.5536826202971543,12.05675532180691,56.35159439140166,Sunny
2023-09-01,Chicago,9.165409555485681,18.15258187477331,80.72315922485974,Sunny
2023-09-02,Chicago,29.493016975143874,14.423585425280868,81.23407905105427,Sunny
2023-09-03,Chicago,13.00396049961746,7.803181017586622,69.39405872278019,Snow
2023-09-04,Chicago,16.166091991587443,0.7078636739235344,46.01209227414191,Rain
2023-09-05,Chicago,26.457187592027154,16.25088572403891,60.31542005937884,Snow
2023-09-06,Chicago,19.481115101434145,5.729356866775479,48.50499252058675,Snow
2023-09-07,Chicago,15.626205997536125,15.54056655267267,50.860892701297686,Sunny
2023-09-08,Chicago,27.187166403310542,18.478612762240754,42.901202295525735,Rain
2023-09-09,Chicago,2.6403945351801283,16.37434418222744,85.65784030279809,Snow
2023-09-10,Chicago,29.521501949741797,3.6076713316067766,85.04727332325461,Snow
2023-09-11,Chicago,29.2844239097604,6.11031811990239,74.16256474716502,Rain
2023-09-12,Chicago,29.708241986545374,4.36020779572472,33.377036653110764,Sunny
2023-09-13,Chicago,22.979717384600335,19.80040645635937,34.78316266340714,Sunny
2023-09-14,Chicago,18.185678366304426,12.515434462640327,45.69893697574835,Sunny
2023-09-15,Chicago,31.38411356348712,18.468864945595605,79.56402093098532,Snow
2023-09-16,Chicago,8.637940303004097,16.176011158082954,79.49902762438478,Snow
2023-09-17,Chicago,18.74814772143833,13.885189407781198,33.7904880776106,Snow
2023-09-18,Chicago,17.461288164558148,18.808906213596273,61.80945662836769,Snow
2023-09-19,Chicago,26.183116503213768,6.695026373565158,34.40063377186086,Snow
2023-09-20,Chicago,27.71930066806,18.547976062227633,37.637650157344076,Sunny
2023-09-21,Chicago,6.462727310082084,17.212393887070533,62.50161284629139,Rain
2023-09-22,Chicago,-0.8574388716732839,9.28787983239167,70.061637401423,Snow
2023-09-23,Chicago,8.036032924682331,3.9991373160566646,32.54369769973862,Rain
2023-09-24,Chicago,34.382653156605926,3.7066388254690352,58.8340886925368,Snow
2023-09-25,Chicago,14.727073917079135,10.557925362073187,33.42844062116492,Snow
2023-09-26,Chicago,28.315060306567645,14.952222807361576,88.49860463549437,Snow
2023-09-27,Chicago,29.455072149919566,3.38006808578037,63.7817042561311,Rain
2023-09-28,Chicago,10.744457813262226,3.700753378432564,68.33375095858031,Rain
2023-09-29,Chicago,13.645390761303698,18.31037911502962,33.162114082965,Rain
2023-09-30,Chicago,7.750656625756648,13.246440638308954,79.29382699921477,Snow
2023-10-01,Chicago,25.242824791521304,10.597902186649984,31.245483231993003,Sunny
2023-10-02,Chicago,23.735025714213535,6.523274700379355,57.27766565843265,Rain
2023-10-03,Chicago,15.073915705446858,18.694279222646724,37.09431890097963,Rain
2023-10-04,Chicago,-1.4497112610432694,3.0117254132936533,72.10250469713964,Snow
2023-10-05,Chicago,6.4825850749746685,11.42033120373952,88.38455631150168,Sunny
2023-10-06,Chicago,0.7465589387275351,15.983442887134572,84.29145838279867,Sunny
2023-10-07,Chicago,5.6693602805387435,6.793274748323479,41.704048225213384,Sunny
2023-10-08,Chicago,32.49344903901041,14.629099909279144,79.91103176653604,Snow
2023-10-09,Chicago,20.959971166246124,3.679260173788319,50.31588140773979,Snow
2023-10-10,Chicago,11.118599335303351,3.1730460577906894,39.72666532852344,Snow
2023-10-11,Chicago,33.047589711208886,8.357047169950638,68.93942206123884,Sunny
2023-10-12,Chicago,8.34805000856067,19.813280387195547,75.93781410029072,Snow
2023-10-13,Chicago,14.476188968740594,18.46935841883353,71.73790721495084,Snow
2023-10-14,Chicago,13.122655775953923,13.23643091494166,89.80851376987786,Rain
2023-10-15,Chicago,-2.1457594863316487,5.701709775407757,42.9933055857276,Sunny
2023-10-16,Chicago,17.475932383439474,13.611835519314607,69.02100845395033,Snow
2023-10-17,Chicago,-2.2194248303157504,1.04470854335039,83.55129005414727,Rain
2023-10-18,Chicago,-1.9921349489594986,19.90220953382527,62.460842416672726,Rain
2023-10-19,Chicago,-4.084231201850437,16.5504280473516,74.41662947373788,Snow
2023-10-20,Chicago,16.00325295127289,3.8543536298236925,76.53399517382468,Rain
2023-10-21,Chicago,12.95901179578049,17.847491015411666,31.250415570569352,Rain
2023-10-22,Chicago,14.883366605168618,2.8339530288098214,32.0335230195921,Rain
2023-10-23,Chicago,6.005400356240983,4.523172504534873,62.25104229237547,Rain
2023-10-24,Chicago,6.486837214049315,6.1732130279332775,44.13186261500152,Sunny
2023-10-25,Chicago,0.6306062708172844,4.356338122700958,79.43539287036691,Snow
2023-10-26,Chicago,-1.8150935345978603,7.443792936803495,58.420408171777694,Snow
2023-10-27,Chicago,4.512999955439682,4.417418162289303,46.049310608551664,Rain
2023-10-28,Chicago,31.693338511730545,6.143315590193135,57.755220727343016,Rain
2023-10-29,Chicago,21.881426279137216,4.890315012887743,53.331280117110424,Sunny
2023-10-30,Chicago,34.138346067017096,7.366589076086017,87.33546527059798,Snow
2023-10-31,Chicago,6.009281583102952,10.214675260382066,77.70912234266737,Sunny
2023-11-01,Chicago,3.807407250604676,4.241060156094556,64.18993001692454,Rain
2023-11-02,Chicago,7.9123123086869604,8.603124300766789,57.02872043750534,Snow
2023-11-03,Chicago,33.02303365495808,14.091594978694989,31.209884775757633,Snow
2023-11-04,Chicago,1.6117231396625797,15.19971813336367,51.502205759598226,Sunny
2023-11-05,Chicago,33.36609334159927,14.385397142945514,73.69056113581897,Snow
2023-11-06,Chicago,29.324844449542496,7.678257228750384,65.70264299771515,Rain
2023-11-07,Chicago,29.297163030132104,1.2371184386864775,59.40383741532871,Sunny
2023-11-08,Chicago,0.18538461996294942,14.67519156921449,81.01803808992074,Rain
2023-11-09,Chicago,9.017373962868799,12.477503647634897,41.27860569895692,Sunny
2023-11-10,Chicago,30.125347899727743,3.7895324231249172,67.44559880478627,Sunny
2023-11-11,Chicago,32.72787449111473,8.420396561215949,38.80925850998857,Sunny
2023-11-12,Chicago,31.864877305105374,3.210105041157967,63.418521695435196,Snow
2023-11-13,Chicago,23.105129214975516,2.905720065394042,48.97527537994789,Rain
2023-11-14,Chicago,15.086068999670779,15.737631844036798,42.944301494273525,Sunny
2023-11-15,Chicago,8.167224225161647,2.866508273258279,69.02280143556945,Snow
2023-11-16,Chicago,6.5374718518572195,10.09450756020341,55.12010339056139,Sunny
2023-11-17,Chicago,0.24516783244072915,12.571906536186145,54.879669537703094,Rain
2023-11-18,Chicago,12.897624573921092,16.69587802619913,78.04002075018167,Rain
2023-11-19,Chicago,29.92160152717483,9.637029357786648,53.35382476964485,Sunny
2023-11-20,Chicago,27.217481147962857,1.8674608498094192,35.22454151512728,Rain
2023-11-21,Chicago,7.570273799427106,6.205508797190539,68.95698836290637,Rain
2023-11-22,Chicago,19.12618530161984,9.078335102481779,61.685520772845294,Rain
2023-11-23,Chicago,4.630510533153611,12.768589481991658,48.552470596978864,Snow
2023-11-24,Chicago,0.4565408214747535,4.64362812489842,87.13373377492942,Sunny
2023-11-25,Chicago,20.461384688019308,0.6591969684980636,82.92339224030653,Rain
2023-11-26,Chicago,13.935163195510082,0.057615353477513676,49.9305094629668,Sunny
2023-11-27,Chicago,20.656189462567003,7.266955958682142,56.8319447083567,Rain
2023-11-28,Chicago,15.535992423239566,7.820015703488423,76.4029875928154,Sunny
2023-11-29,Chicago,16.221903679783388,4.160368134663224,89.51371334291359,Rain
2023-11-30,Chicago,25.513706057849504,5.068653346734195,47.697361851364946,Snow
2023-12-01,Chicago,32.39034596193336,16.40064730976284,50.9689989320446,Rain
2023-12-02,Chicago,15.594003064384047,6.717417426532755,62.51280426425433,Snow
2023-12-03,Chicago,32.29201930544763,4.641323238322476,87.1224234170975,Sunny
2023-12-04,Chicago,-4.611498846361579,9.95101495644792,52.032140191183046,Sunny
2023-12-05,Chicago,28.243448235491897,10.21944839760263,87.81575249343119,Sunny
2023-12-06,Chicago,12.78177872173461,13.504294626362876,56.09763198411393,Snow
2023-12-07,Chicago,13.667573151508414,1.389597615456204,87.15500292701678,Rain
2023-12-08,Chicago,1.8010291428765424,11.069275035264317,65.66144880188324,Sunny
2023-12-09,Chicago,3.526712213678884,15.340289804384568,81.97861444431507,Snow
2023-12-10,Chicago,30.43488575419427,12.540160804888396,48.18228169686786,Snow
2023-12-11,Chicago,29.933412531520226,4.540906587101192,75.76680536917823,Rain
2023-12-12,Chicago,27.617489931104394,8.885985424988585,81.65766228730043,Rain
2023-12-13,Chicago,8.57108242277031,4.725226525275001,54.08584545764437,Snow
2023-12-14,Chicago,0.32535009776997637,7.738955456776662,45.335792263293094,Snow
2023-12-15,Chicago,0.4008613595719446,5.45061343486185,78.83211913649461,Snow
2023-12-16,Chicago,22.026094241244532,3.3335226003812313,81.0556537576162,Rain
2023-12-17,Chicago,3.4217089173656667,4.837191087950643,33.84351508766337,Snow
2023-12-18,Chicago,-2.597945300778415,10.424769225857975,63.3063662133323,Snow
2023-12-19,Chicago,24.378294887644472,13.104889721582536,68.96410993420918,Snow
2023-12-20,Chicago,34.157237191303324,16.3043085218922,82.77715272831168,Sunny
2023-12-21,Chicago,21.517428350763048,19.26378505963775,47.76666901798708,Snow
2023-12-22,Chicago,6.006981396019086,8.945921363844187,35.945904361304045,Snow
2023-12-23,Chicago,11.381446445093172,11.50176610395745,76.95206351853221,Sunny
2023-12-24,Chicago,29.957950175107662,14.43154166454663,45.31438734591233,Snow
2023-12-25,Chicago,32.96686099773374,7.291634229764363,58.994958342747466,Rain
2023-12-26,Chicago,17.65154725607696,17.264354203698495,89.03126700273668,Sunny
2023-12-27,Chicago,27.010478070228316,5.147046487225452,75.01781091308624,Snow
2023-12-28,Chicago,21.38599609971102,8.507999951880487,52.875093243081395,Sunny
2023-12-29,Chicago,-2.474949187305633,14.042755975920663,77.40272833644275,Snow
2023-12-30,Chicago,0.24856614577505542,1.4803949636113223,48.27946987606819,Rain
2023-12-31,Chicago,23.307568969345493,15.6351539962487,86.5903266659943,Sunny
